business_name,phone,website,cta_url,address,rating,reviews,has_website,maps_url,email,instagram,about_text
Building Rank Group,401482605007054; 0802-2540349; 4814-930980,https://www.nextlevelrealestate.ae/?utm_source=google&utm_medium=organic&utm_campaign=googlge_my_business,https://www.nextlevelrealestate.ae/?utm_source=google&utm_medium=organic&utm_campaign=googlge_my_business,,4.7,,yes,https://www.google.com/maps/place/Building+Rank+Group/data=!4m7!3m6!1s0x3e5f6566d17f00d9:0x8545a70a74e7c910!8m2!3d25.117788!4d55.390675!16s%2Fg%2F11vs_wtq8c!19sChIJ2QB_0WZlXz4REMnndAqnRYU?authuser=0&hl=en&rclk=1,media@nextlevelrealestate.ae,Nextlevelrealestate.ae,"Buy
Services
Offplan
Latest Projects
Areas
Communities
Blogs
Contact
About
Home
Buy
Services
Offplan
Latest Projects
Areas
Communities
Blogs
Contact
About
Buy, Sell & Rent Properties Across The UAE
Off Plan Property
Ready Property

Welcome To The Award-Winning UAE Real Estate Agency

Contact Us
4.6
4.7
5
5
4.6
5
LUXURIOUS BEACHFRONT
VILLAS ON PALM JEBEL ALI

The island of Palm Jebel Ali spans an impressive area of 13.4 square kilometers, making it twice the size of Palm Jumeirah. It aims to add 110 kilometers of coastline to Dubai, enhancing the city's waterfront appeal.

Connect to Explore
Next Level Real Estate
Your Trusted Dubai Real Estate Agency for Market Insights & Investment Opportunities

Dubai’s property market is among the world’s most vibrant, attracting investors and homebuyers with its innovation, luxury lifestyle, and world-class infrastructure. The right real estate partner can make all the difference. We keep you ahead with regular market updates, off-plan opportunities, and expert guidance for both locals and overseas investors.

Why You Should Invest in Dubai Real Estate

Dubai’s real estate market presents a wealth of opportunities for investors, thanks to its high rental yields, tax-free environment, and strong demand for luxury and off-plan properties. With a growing economy, world-class infrastructure, and expat-friendly ownership laws, the city continues to attract global investors seeking stable, profitable returns. Whether you’re a seasoned investor or looking to diversify your portfolio, Dubai’s real estate sector offers unmatched potential. Partnering with trusted real estate brokers in Dubai, like Next Level Real Estate, ensures that you make informed decisions in this dynamic market, unlocking the full value of your investment.

FAQs

How do I verify if a real estate agent or brokerage in Dubai is licensed and trustworthy?
All agents are registered with the Dubai Land Department (DLD) and RERA. We encourage clients to ask for an agent’s"
Dacha - Real Estate Agents in Dubai Marina,401482605007054; 0802-2540349; 4814-930980,https://www.nextlevelrealestate.ae/?utm_source=google&utm_medium=organic&utm_campaign=googlge_my_business,https://www.nextlevelrealestate.ae/?utm_source=google&utm_medium=organic&utm_campaign=googlge_my_business,,4.7,,yes,https://www.google.com/maps/place/Dacha+-+Real+Estate+Agents+in+Dubai+Marina/data=!4m7!3m6!1s0x3e5f6a001cf55a71:0x4102133a9a1455de!8m2!3d25.0753976!4d55.1398252!16s%2Fg%2F1hg4y7gw8!19sChIJcVr1HABqXz4R3lUUmjoTAkE?authuser=0&hl=en&rclk=1,media@nextlevelrealestate.ae,Nextlevelrealestate.ae,"Buy
Services
Offplan
Latest Projects
Areas
Communities
Blogs
Contact
About
Home
Buy
Services
Offplan
Latest Projects
Areas
Communities
Blogs
Contact
About
Buy, Sell & Rent Properties Across The UAE
Off Plan Property
Ready Property

Welcome To The Award-Winning UAE Real Estate Agency

Contact Us
4.6
4.7
5
5
4.6
5
LUXURIOUS BEACHFRONT
VILLAS ON PALM JEBEL ALI

The island of Palm Jebel Ali spans an impressive area of 13.4 square kilometers, making it twice the size of Palm Jumeirah. It aims to add 110 kilometers of coastline to Dubai, enhancing the city's waterfront appeal.

Connect to Explore
Next Level Real Estate
Your Trusted Dubai Real Estate Agency for Market Insights & Investment Opportunities

Dubai’s property market is among the world’s most vibrant, attracting investors and homebuyers with its innovation, luxury lifestyle, and world-class infrastructure. The right real estate partner can make all the difference. We keep you ahead with regular market updates, off-plan opportunities, and expert guidance for both locals and overseas investors.

Why You Should Invest in Dubai Real Estate

Dubai’s real estate market presents a wealth of opportunities for investors, thanks to its high rental yields, tax-free environment, and strong demand for luxury and off-plan properties. With a growing economy, world-class infrastructure, and expat-friendly ownership laws, the city continues to attract global investors seeking stable, profitable returns. Whether you’re a seasoned investor or looking to diversify your portfolio, Dubai’s real estate sector offers unmatched potential. Partnering with trusted real estate brokers in Dubai, like Next Level Real Estate, ensures that you make informed decisions in this dynamic market, unlocking the full value of your investment.

FAQs

How do I verify if a real estate agent or brokerage in Dubai is licensed and trustworthy?
All agents are registered with the Dubai Land Department (DLD) and RERA. We encourage clients to ask for an agent’s"
Exclusive Links Real Estate Brokers Dubai,401482605007054; 0802-2540349; 4814-930980,https://www.nextlevelrealestate.ae/?utm_source=google&utm_medium=organic&utm_campaign=googlge_my_business,https://www.nextlevelrealestate.ae/?utm_source=google&utm_medium=organic&utm_campaign=googlge_my_business,,4.7,,yes,https://www.google.com/maps/place/Exclusive+Links+Real+Estate+Brokers+Dubai/data=!4m7!3m6!1s0x3e5f6b6e103c6881:0x4395964d77b297f2!8m2!3d25.0372546!4d55.1833992!16s%2Fg%2F119w6t49h!19sChIJgWg8EG5rXz4R8peyd02WlUM?authuser=0&hl=en&rclk=1,media@nextlevelrealestate.ae,Nextlevelrealestate.ae,"Buy
Services
Offplan
Latest Projects
Areas
Communities
Blogs
Contact
About
Home
Buy
Services
Offplan
Latest Projects
Areas
Communities
Blogs
Contact
About
Buy, Sell & Rent Properties Across The UAE
Off Plan Property
Ready Property

Welcome To The Award-Winning UAE Real Estate Agency

Contact Us
4.6
4.7
5
5
4.6
5
LUXURIOUS BEACHFRONT
VILLAS ON PALM JEBEL ALI

The island of Palm Jebel Ali spans an impressive area of 13.4 square kilometers, making it twice the size of Palm Jumeirah. It aims to add 110 kilometers of coastline to Dubai, enhancing the city's waterfront appeal.

Connect to Explore
Next Level Real Estate
Your Trusted Dubai Real Estate Agency for Market Insights & Investment Opportunities

Dubai’s property market is among the world’s most vibrant, attracting investors and homebuyers with its innovation, luxury lifestyle, and world-class infrastructure. The right real estate partner can make all the difference. We keep you ahead with regular market updates, off-plan opportunities, and expert guidance for both locals and overseas investors.

Why You Should Invest in Dubai Real Estate

Dubai’s real estate market presents a wealth of opportunities for investors, thanks to its high rental yields, tax-free environment, and strong demand for luxury and off-plan properties. With a growing economy, world-class infrastructure, and expat-friendly ownership laws, the city continues to attract global investors seeking stable, profitable returns. Whether you’re a seasoned investor or looking to diversify your portfolio, Dubai’s real estate sector offers unmatched potential. Partnering with trusted real estate brokers in Dubai, like Next Level Real Estate, ensures that you make informed decisions in this dynamic market, unlocking the full value of your investment.

FAQs

How do I verify if a real estate agent or brokerage in Dubai is licensed and trustworthy?
All agents are registered with the Dubai Land Department (DLD) and RERA. We encourage clients to ask for an agent’s"
McCone Properties,2024-11-18; 2023-08-03; 1779065503,https://yourplace.ae/,https://yourplace.ae/,,4.7,,yes,https://www.google.com/maps/place/McCone+Properties/data=!4m7!3m6!1s0x3e5f42817b2ccdfd:0x86ec4e428cd29605!8m2!3d25.0964245!4d55.1688941!16s%2Fg%2F1pxwbd8zb!19sChIJ_c0se4FCXz4RBZbSjEJO7IY?authuser=0&hl=en&rclk=1,info@yourplace.ae,,"Skip to content
Buy
Rent
Sell
Off Plan
Map View

404

OOPS! THAT PAGE CAN'T BE FOUND

You can navigate through our menu or use this search bar:

Search
Search
+971 4 368 2168
Info@yourplace.ae
Empire Heights Tower B - Office 06 - Level 10 - Dubai
License No. 661971
Quick links
Buy
Rent
Sell
Off Plan
Property Management
About Us
Buy Real Estate with Bitcoin
Map View
Landlord Services
Property Snagging
Property Brokerage
Dubai Investment FAQs
Blog
Careers
Contact Us
Keep Up-To-Date

Subscribe to our newsletters to be the first to hear the latest news about what is happening in Dubai’s real estate market.

Name
Email
Subscribe"
haus & haus Group,2024-11-18; 2023-08-03; 1779065503,https://yourplace.ae/,https://yourplace.ae/,,4.7,,yes,https://www.google.com/maps/place/haus+%26+haus+Group/data=!4m7!3m6!1s0x3e5f6bc67a38bc2f:0xec1ed5e199642b12!8m2!3d25.1262428!4d55.2087658!16s%2Fg%2F11b5vv843j!19sChIJL7w4esZrXz4REitkmeHVHuw?authuser=0&hl=en&rclk=1,info@yourplace.ae,,"Skip to content
Buy
Rent
Sell
Off Plan
Map View

404

OOPS! THAT PAGE CAN'T BE FOUND

You can navigate through our menu or use this search bar:

Search
Search
+971 4 368 2168
Info@yourplace.ae
Empire Heights Tower B - Office 06 - Level 10 - Dubai
License No. 661971
Quick links
Buy
Rent
Sell
Off Plan
Property Management
About Us
Buy Real Estate with Bitcoin
Map View
Landlord Services
Property Snagging
Property Brokerage
Dubai Investment FAQs
Blog
Careers
Contact Us
Keep Up-To-Date

Subscribe to our newsletters to be the first to hear the latest news about what is happening in Dubai’s real estate market.

Name
Email
Subscribe"
