"business_name","phone","website","cta_url","address","rating","reviews","has_website","maps_url"
"Dacha - Real Estate Agents in Dubai Marina","","https://www.dacha.ae/contact/real-estate-agents-in-dubai-marina/","https://www.dacha.ae/contact/real-estate-agents-in-dubai-marina/","","4.8","1,098","yes","https://www.google.com/maps/place/Dacha+-+Real+Estate+Agents+in+Dubai+Marina/data=!4m7!3m6!1s0x3e5f6a001cf55a71:0x4102133a9a1455de!8m2!3d25.0753976!4d55.1398252!16s%2Fg%2F1hg4y7gw8!19sChIJcVr1HABqXz4R3lUUmjoTAkE?authuser=0&hl=en&rclk=1"
"Exclusive Links Real Estate Brokers Dubai","","https://www.exclusive-links.com/?utm_source=localmaps&utm_medium=gbp&utm_campaign=Dubai&utm_term=listing","https://www.exclusive-links.com/?utm_source=localmaps&utm_medium=gbp&utm_campaign=Dubai&utm_term=listing","","4.8","1,100","yes","https://www.google.com/maps/place/Exclusive+Links+Real+Estate+Brokers+Dubai/data=!4m7!3m6!1s0x3e5f6b6e103c6881:0x4395964d77b297f2!8m2!3d25.0372546!4d55.1833992!16s%2Fg%2F119w6t49h!19sChIJgWg8EG5rXz4R8peyd02WlUM?authuser=0&hl=en&rclk=1"
"Exclusive Links Real Estate Brokers Dubai Marina","","https://www.exclusive-links.com/?utm_source=localmaps&utm_medium=gbp&utm_campaign=Dubaimarina&utm_term=listing","https://www.exclusive-links.com/?utm_source=localmaps&utm_medium=gbp&utm_campaign=Dubaimarina&utm_term=listing","","4.8","37","yes","https://www.google.com/maps/place/Exclusive+Links+Real+Estate+Brokers+Dubai+Marina/data=!4m7!3m6!1s0x3e5f6bdbd897fa6d:0xe646762ef5b09b1f!8m2!3d25.0865588!4d55.147776!16s%2Fg%2F11h7cqvv35!19sChIJbfqX2NtrXz4RH5uw9S52RuY?authuser=0&hl=en&rclk=1"
"Next Level Real Estate - Award Winning Real Estate Agency in Dubai","","https://www.nextlevelrealestate.ae/?utm_source=google&utm_medium=organic&utm_campaign=googlge_my_business","https://www.nextlevelrealestate.ae/?utm_source=google&utm_medium=organic&utm_campaign=googlge_my_business","","4.8","295","yes","https://www.google.com/maps/place/Next+Level+Real+Estate+-+Award+Winning+Real+Estate+Agency+in+Dubai/data=!4m7!3m6!1s0x3e5f69d3345b4265:0x84561af444b75ead!8m2!3d25.1851504!4d55.2755081!16s%2Fg%2F11b7r6npwg!19sChIJZUJbNNNpXz4RrV63RPQaVoQ?authuser=0&hl=en&rclk=1"
"Strada Real Estate Brokerage","","http://www.stradauae.com/","http://www.stradauae.com/","","4.8","88","yes","https://www.google.com/maps/place/Strada+Real+Estate+Brokerage/data=!4m7!3m6!1s0x3e5f6b931219ac79:0x6899464b4fea777a!8m2!3d25.1138231!4d55.24615!16s%2Fg%2F11sx0fbtn8!19sChIJeawZEpNrXz4RenfqT0tGmWg?authuser=0&hl=en&rclk=1"
"XSITE REAL ESTATE BROKERS","","https://xsite.ae/","https://xsite.ae/","","4.8","417","yes","https://www.google.com/maps/place/XSITE+REAL+ESTATE+BROKERS/data=!4m7!3m6!1s0x3e5f6d67365b1249:0xe34da7d3431ae963!8m2!3d25.0490292!4d55.2149599!16s%2Fg%2F11rr8159pf!19sChIJSRJbNmdtXz4RY-kaQ9OnTeM?authuser=0&hl=en&rclk=1"
"Linda's Real Estate","","https://www.lindas.ae/","https://www.lindas.ae/","","4.8","1,935","yes","https://www.google.com/maps/place/Linda%27s+Real+Estate/data=!4m7!3m6!1s0x3e5f6fd7da96384d:0xf301d8b7203fce76!8m2!3d25.0469133!4d55.2304244!16s%2Fg%2F11k_1mp32p!19sChIJTTiW2tdvXz4Rds4_ILfYAfM?authuser=0&hl=en&rclk=1"
"Espace","","https://www.espace.ae/","https://www.espace.ae/","","4.8","1,427","yes","https://www.google.com/maps/place/Espace/data=!4m7!3m6!1s0x3e5f6caafe76431f:0x12ab1ebb6386b7e2!8m2!3d25.0753976!4d55.1398252!16s%2Fg%2F11b65j8wln!19sChIJH0N2_qpsXz4R4reGY7seqxI?authuser=0&hl=en&rclk=1"
"Christie’s International Real Estate Dubai","","https://christiesrealestatedubai.com/","https://christiesrealestatedubai.com/","","4.8","143","yes","https://www.google.com/maps/place/Christie%E2%80%99s+International+Real+Estate+Dubai/data=!4m7!3m6!1s0x3e5f6830f402117d:0xfa8d70c0e5ccf3d0!8m2!3d25.1853625!4d55.2791344!16s%2Fg%2F11c761pq6w!19sChIJfREC9DBoXz4R0PPM5cBwjfo?authuser=0&hl=en&rclk=1"
"McCone Properties","","https://www.mcconeproperties.com/?utm_source=googlemaps&utm_medium=organic&utm_campaign=Dubai","https://www.mcconeproperties.com/?utm_source=googlemaps&utm_medium=organic&utm_campaign=Dubai","","4.8","417","yes","https://www.google.com/maps/place/McCone+Properties/data=!4m7!3m6!1s0x3e5f42817b2ccdfd:0x86ec4e428cd29605!8m2!3d25.0964245!4d55.1688941!16s%2Fg%2F1pxwbd8zb!19sChIJ_c0se4FCXz4RBZbSjEJO7IY?authuser=0&hl=en&rclk=1"
"Homes 4 Life Real Estate - Town Square Dubai Office","","https://homes4life.ae/","https://homes4life.ae/","","4.8","20","yes","https://www.google.com/maps/place/Homes+4+Life+Real+Estate+-+Town+Square+Dubai+Office/data=!4m7!3m6!1s0x3e5f710be8f5ccc1:0x6faf0cf2fd75df3a!8m2!3d25.0108187!4d55.2889383!16s%2Fg%2F11hyxqbnms!19sChIJwcz16AtxXz4ROt91_fIMr28?authuser=0&hl=en&rclk=1"
"White & Co Real Estate LLC","","https://homes4life.ae/","https://homes4life.ae/","","4.8","20","yes","https://www.google.com/maps/place/White+%26+Co+Real+Estate+LLC/data=!4m7!3m6!1s0x3e5f6f7f7b199c2b:0xbfd73650c09125c6!8m2!3d25.0469536!4d55.2303258!16s%2Fg%2F11nyc4mk7y!19sChIJK5wZe39vXz4RxiWRwFA2178?authuser=0&hl=en&rclk=1"
"Harbor Real Estate Broker LLC","","https://www.harbordubai.com/","https://www.harbordubai.com/","","4.8","","yes","https://www.google.com/maps/place/Harbor+Real+Estate+Broker+LLC/data=!4m7!3m6!1s0x3e5f42f2c1738f6f:0x4f4d76043a46fc96!8m2!3d25.2192823!4d55.2797104!16s%2Fg%2F1tc_cr28!19sChIJb49zwfJCXz4RlvxGOgR2TU8?authuser=0&hl=en&rclk=1"
"Real Choice Real Estate Brokers LLC","","https://realchoicedubai.com/","https://realchoicedubai.com/","","4.8","92","yes","https://www.google.com/maps/place/Real+Choice+Real+Estate+Brokers+LLC/data=!4m7!3m6!1s0x3e5f694766a9b6d3:0x7696d996f93ee94e!8m2!3d25.2235693!4d55.2809295!16s%2Fg%2F11lk1db9_p!19sChIJ07apZkdpXz4RTuk--ZbZlnY?authuser=0&hl=en&rclk=1"
"haus & haus Group","","http://hausandhaus.com/?utm_source=gmb&utm_medium=organic&utm_campaign=haus-gmb","http://hausandhaus.com/?utm_source=gmb&utm_medium=organic&utm_campaign=haus-gmb","","4.8","69","yes","https://www.google.com/maps/place/haus+%26+haus+Group/data=!4m7!3m6!1s0x3e5f6bc67a38bc2f:0xec1ed5e199642b12!8m2!3d25.1262428!4d55.2087658!16s%2Fg%2F11b5vv843j!19sChIJL7w4esZrXz4REitkmeHVHuw?authuser=0&hl=en&rclk=1"
"KAYE & CO REAL ESTATE L.L.C.","","http://www.kayeandco.ae/","http://www.kayeandco.ae/","","4.8","153","yes","https://www.google.com/maps/place/KAYE+%26+CO+REAL+ESTATE+L.L.C./data=!4m7!3m6!1s0x3e5f69cdeba28e23:0xfbd9d0776d4ff574!8m2!3d25.181567!4d55.27151!16s%2Fg%2F11h5ktbmt3!19sChIJI46i681pXz4RdPVPbXfQ2fs?authuser=0&hl=en&rclk=1"
"Xperience​ Realty Real Estate","","https://www.xrealty.ae/","https://www.xrealty.ae/","","4.8","27","yes","https://www.google.com/maps/place/Xperience%E2%80%8B+Realty+Real+Estate/data=!4m7!3m6!1s0x3e5f69742ae364c3:0xf5f30b07708195fd!8m2!3d25.1143578!4d55.2463352!16s%2Fg%2F11ty7cwknc!19sChIJw2TjKnRpXz4R_ZWBcAcL8_U?authuser=0&hl=en&rclk=1"
"Jade & Co Real Estate","","http://jadeandco.com/","http://jadeandco.com/","","4.8","1,100","yes","https://www.google.com/maps/place/Jade+%26+Co+Real+Estate/data=!4m7!3m6!1s0x3e5f6b1be7a616df:0xf7fcacc8ff90654a!8m2!3d25.096648!4d55.168507!16s%2Fg%2F11ngr2wkd_!19sChIJ3xam5xtrXz4RSmWQ_8is_Pc?authuser=0&hl=en&rclk=1"
"Al Ayan Real Estate Broker LLC","","https://alayanrealestate.ae/","https://alayanrealestate.ae/","","4.8","170","yes","https://www.google.com/maps/place/Al+Ayan+Real+Estate+Broker+LLC/data=!4m7!3m6!1s0x3e5f66b4be6c3899:0x1b17569416b345e2!8m2!3d25.1641287!4d55.4018828!16s%2Fg%2F11bw4v2796!19sChIJmThsvrRmXz4R4kWzFpRWFxs?authuser=0&hl=en&rclk=1"
"Springfield Properties","","https://alayanrealestate.ae/","https://alayanrealestate.ae/","","4.8","295","yes","https://www.google.com/maps/place/Springfield+Properties/data=!4m7!3m6!1s0x3e5f6beb752b4681:0x4dc01bc0b6a2e73f!8m2!3d25.185424!4d55.280141!16s%2Fg%2F11b6g9vxtw!19sChIJgUYrdetrXz4RP-eitsAbwE0?authuser=0&hl=en&rclk=1"
"Roots Land Real Estate","","http://www.rootsland.com/","http://www.rootsland.com/","","4.8","295","yes","https://www.google.com/maps/place/Roots+Land+Real+Estate/data=!4m7!3m6!1s0x3e5f42ed8562ddd1:0x5cf0a84f5bdeb0c0!8m2!3d25.1869613!4d55.2716331!16s%2Fg%2F1tfjtrkz!19sChIJ0d1ihe1CXz4RwLDeW0-o8Fw?authuser=0&hl=en&rclk=1"
"Luxliving Real Estate L.L.C","","https://www.luxliving.ae/","https://www.luxliving.ae/","","4.8","295","yes","https://www.google.com/maps/place/Luxliving+Real+Estate+L.L.C/data=!4m7!3m6!1s0x3e5f6d39f50e7ff3:0x1d8b3d641ff11ffa!8m2!3d25.0447237!4d55.2189334!16s%2Fg%2F11rf7jc298!19sChIJ838O9TltXz4R-h_xH2Q9ix0?authuser=0&hl=en&rclk=1"
"Sky View","","http://www.skyviewdubai.com/","http://www.skyviewdubai.com/","","4.8","295","yes","https://www.google.com/maps/place/Sky+View/data=!4m7!3m6!1s0x3e5f69433689e4bb:0xc84c36a75a318930!8m2!3d25.188858!4d55.2696918!16s%2Fg%2F1q67g0jw0!19sChIJu-SJNkNpXz4RMIkxWqc2TMg?authuser=0&hl=en&rclk=1"
"99 Real Estate Brokers LLC","","http://www.99realestate.ae/","http://www.99realestate.ae/","","4.8","295","yes","https://www.google.com/maps/place/99+Real+Estate+Brokers+LLC/data=!4m7!3m6!1s0x3e5f6b5653fbedb7:0x66d873a23bdddb1b!8m2!3d25.0789718!4d55.1425964!16s%2Fg%2F1tf5c6jt!19sChIJt-37U1ZrXz4RG9vdO6Jz2GY?authuser=0&hl=en&rclk=1"
"K Estates Dubai","","https://www.elitepropertydxb.com/","https://www.elitepropertydxb.com/","","4.8","295","yes","https://www.google.com/maps/place/K+Estates+Dubai/data=!4m7!3m6!1s0x3e5f6990c17d4225:0x5cba7a0328f29747!8m2!3d25.1141923!4d55.2462823!16s%2Fg%2F11svbr2y50!19sChIJJUJ9wZBpXz4RR5fyKAN6ulw?authuser=0&hl=en&rclk=1"
"ELITE Property Brokerage","","https://www.elitepropertydxb.com/","https://www.elitepropertydxb.com/","","4.8","295","yes","https://www.google.com/maps/place/ELITE+Property+Brokerage/data=!4m7!3m6!1s0x3e5f6bdc0f315f71:0x28863a4e513c4b72!8m2!3d25.0972499!4d55.1684768!16s%2Fg%2F11n8wk9b5r!19sChIJcV8xD9xrXz4Rcks8UU46hig?authuser=0&hl=en&rclk=1"
"Axis Real Estate Brokerage Dubai","","https://axisrealestate.ae/","https://axisrealestate.ae/","","4.8","295","yes","https://www.google.com/maps/place/Axis+Real+Estate+Brokerage+Dubai/data=!4m7!3m6!1s0x3e5f69a3dedc3e45:0x75baeb8946794c09!8m2!3d25.1877209!4d55.2554663!16s%2Fg%2F11sbpst74p!19sChIJRT7c3qNpXz4RCUx5RonrunU?authuser=0&hl=en&rclk=1"
"Provident Real Estate","","https://www.providentestate.com/","https://www.providentestate.com/","","4.8","295","yes","https://www.google.com/maps/place/Provident+Real+Estate/data=!4m7!3m6!1s0x3e5f158788cd5f49:0xde4fd2b7646c89d2!8m2!3d25.0751356!4d55.1399377!16s%2Fg%2F11ghn6kdrw!19sChIJSV_NiIcVXz4R0olsZLfST94?authuser=0&hl=en&rclk=1"
"FIDU Properties","","https://www.fidudubai.com/","https://www.fidudubai.com/","","4.8","295","yes","https://www.google.com/maps/place/FIDU+Properties/data=!4m7!3m6!1s0x3e5f4281396af181:0x6a66a9f31dba1597!8m2!3d25.2003155!4d55.2738079!16s%2Fg%2F11f3ybszxj!19sChIJgfFqOYFCXz4RlxW6HfOpZmo?authuser=0&hl=en&rclk=1"
"Morgan's International Realty","","https://www.morgansrealty.com/","https://www.morgansrealty.com/","","4.8","295","yes","https://www.google.com/maps/place/Morgan%27s+International+Realty/data=!4m7!3m6!1s0x3e5f6bece072f225:0xfb378fc145aaf78f!8m2!3d25.0980387!4d55.156027!16s%2Fg%2F11h4_sjyvm!19sChIJJfJy4OxrXz4Rj_eqRcGPN_s?authuser=0&hl=en&rclk=1"
"HAUS 51 REAL ESTATE","","http://www.haus51.com/","http://www.haus51.com/","","4.8","295","yes","https://www.google.com/maps/place/HAUS+51+REAL+ESTATE/data=!4m7!3m6!1s0x3e5f43cf8035af25:0xa0b2d66689966ceb!8m2!3d25.2027601!4d55.2625142!16s%2Fg%2F11lgmwsx1d!19sChIJJa81gM9DXz4R62yWiWbWsqA?authuser=0&hl=en&rclk=1"
"Time Homes Real Estate","","https://timehomesrealestate.com/","https://timehomesrealestate.com/","","4.8","295","yes","https://www.google.com/maps/place/Time+Homes+Real+Estate/data=!4m7!3m6!1s0x3e5f6b67f8d8ca8f:0x6902ae0e1baf4f3f!8m2!3d25.1091393!4d55.1835782!16s%2Fg%2F11sx4qtsf_!19sChIJj8rY-GdrXz4RP0-vGw6uAmk?authuser=0&hl=en&rclk=1"
"Tribeca Real Estate LLC","","https://timehomesrealestate.com/","https://timehomesrealestate.com/","","4.8","295","yes","https://www.google.com/maps/place/Tribeca+Real+Estate+LLC/data=!4m7!3m6!1s0x3e5f69ac6fe0c29d:0x794cb3663a149970!8m2!3d25.1945775!4d55.2817153!16s%2Fg%2F11j1cr1d_n!19sChIJncLgb6xpXz4RcJkUOmazTHk?authuser=0&hl=en&rclk=1"
"Raine & Horne Dubai","","http://www.rhdubai.ae/","http://www.rhdubai.ae/","","4.8","295","yes","https://www.google.com/maps/place/Raine+%26+Horne+Dubai/data=!4m7!3m6!1s0x3e5f69d5f702bb59:0x5665f2ab964d1080!8m2!3d25.185452!4d55.2640971!16s%2Fg%2F11n_sl46j4!19sChIJWbsC99VpXz4RgBBNlqvyZVY?authuser=0&hl=en&rclk=1"
"RG Group","","http://www.rggroup.ae/","http://www.rggroup.ae/","","4.7","12","yes","https://www.google.com/maps/place/RG+Group/data=!4m7!3m6!1s0x3e5f6bb4bccc0b77:0xa2b43256971fbaec!8m2!3d25.144701!4d55.223546!16s%2Fg%2F11kpznck3x!19sChIJdwvMvLRrXz4R7Lofl1YytKI?authuser=0&hl=en&rclk=1"
"YP - Your Place Real Estate","","https://yourplace.ae/","https://yourplace.ae/","","4.7","2","yes","https://www.google.com/maps/place/YP+-+Your+Place+Real+Estate/data=!4m7!3m6!1s0x3e5f133ab5e1a50f:0x2937189f92ee2e58!8m2!3d25.1918792!4d55.2844745!16s%2Fg%2F11f6dmn0p5!19sChIJD6XhtToTXz4RWC7ukp8YNyk?authuser=0&hl=en&rclk=1"
"BSO - Real Estate Management LLC, Dubai, UAE","","https://bso.ae/?utm_source=Google-map&utm_content=Dubai-crystal","https://bso.ae/?utm_source=Google-map&utm_content=Dubai-crystal","","4.7","116","yes","https://www.google.com/maps/place/BSO+-+Real+Estate+Management+LLC,+Dubai,+UAE/data=!4m7!3m6!1s0x3e5f6b417d155555:0x461819f14ce6a50f!8m2!3d25.1942233!4d55.2893399!16s%2Fg%2F11f4ppbn6x!19sChIJVVUVfUFrXz4RD6XmTPEZGEY?authuser=0&hl=en&rclk=1"
"Binayah Properties LLC","","https://www.binayah.com/","https://www.binayah.com/","","4.7","8","yes","https://www.google.com/maps/place/Binayah+Properties+LLC/data=!4m7!3m6!1s0x3e5f6b7af14700cf:0x9866fd60b4ad99ed!8m2!3d25.1279886!4d55.210204!16s%2Fg%2F1hc1026lk!19sChIJzwBH8XprXz4R7ZmttGD9Zpg?authuser=0&hl=en&rclk=1"
"Grand Vision Real Estate LLC | Dubai Property Consultants | Dubai Real Estate Agency | خرید ملک در دبی","","https://grandvisionuae.com/?utm_source=google&utm_medium=organic&utm_campaign=gbp-website-link","https://grandvisionuae.com/?utm_source=google&utm_medium=organic&utm_campaign=gbp-website-link","","4.7","6","yes","https://www.google.com/maps/place/Grand+Vision+Real+Estate+LLC+%7C+Dubai+Property+Consultants+%7C+Dubai+Real+Estate+Agency+%7C+%D8%AE%D8%B1%DB%8C%D8%AF+%D9%85%D9%84%DA%A9+%D8%AF%D8%B1+%D8%AF%D8%A8%DB%8C%E2%80%AD/data=!4m7!3m6!1s0x3e5f13eeb980c3db:0xa272249c0435fdb5!8m2!3d25.2177087!4d55.2786709!16s%2Fg%2F11syr31fd3!19sChIJ28OAue4TXz4Rtf01BJwkcqI?authuser=0&hl=en&rclk=1"
"fäm Properties","","https://famproperties.com/","https://famproperties.com/","","4.7","1,134","yes","https://www.google.com/maps/place/f%C3%A4m+Properties/data=!4m7!3m6!1s0x3e5f69d439783743:0x64b7bc4ca8ecb767!8m2!3d25.1862157!4d55.2811675!16s%2Fg%2F1td36qh3!19sChIJQzd4OdRpXz4RZ7fsqEy8t2Q?authuser=0&hl=en&rclk=1"
"Mohammad Qattali | Dubai Property Consultant | Investment Specialist - مشاور املاک دبی سيد محمد قتالى","","https://qattali.com/","https://qattali.com/","","4.7","1","yes","https://www.google.com/maps/place/Mohammad+Qattali+%7C+Dubai+Property+Consultant+%7C+Investment+Specialist+-+%D9%85%D8%B4%D8%A7%D9%88%D8%B1+%D8%A7%D9%85%D9%84%D8%A7%DA%A9+%D8%AF%D8%A8%DB%8C+%D8%B3%D9%8A%D8%AF+%D9%85%D8%AD%D9%85%D8%AF+%D9%82%D8%AA%D8%A7%D9%84%D9%89%E2%80%AD/data=!4m7!3m6!1s0x3e5f430c2fcd1051:0x5721a286adb8217e!8m2!3d25.2176883!4d55.2784852!16s%2Fg%2F11w8112svg!19sChIJURDNLwxDXz4RfiG4rYaiIVc?authuser=0&hl=en&rclk=1"
"Insta Properties","","https://instaproperties.ae/","https://instaproperties.ae/","","4.7","48","yes","https://www.google.com/maps/place/Insta+Properties/data=!4m7!3m6!1s0x3e5f693326e8f3e7:0xbed405d00608388c!8m2!3d25.1898642!4d55.2844382!16s%2Fg%2F11fsjyfs4m!19sChIJ5_PoJjNpXz4RjDgIBtAF1L4?authuser=0&hl=en&rclk=1"
"Propertyshoma Real Estate LLC","","https://www.propertyshoma.com/?utm_source=dubai&utm_medium=local&utm_campaign=localbusiness","https://www.propertyshoma.com/?utm_source=dubai&utm_medium=local&utm_campaign=localbusiness","","4.7","157","yes","https://www.google.com/maps/place/Propertyshoma+Real+Estate+LLC/data=!4m7!3m6!1s0x3e5f69c8193897eb:0x5a79d3a5955fbb5e!8m2!3d25.187477!4d55.2611131!16s%2Fg%2F11sp3qwqrm!19sChIJ65c4GchpXz4RXrtflaXTeVo?authuser=0&hl=en&rclk=1"
"Alarfeen Real Estate - JVC Branch - Dubai","","https://www.propertyshoma.com/?utm_source=dubai&utm_medium=local&utm_campaign=localbusiness","https://www.propertyshoma.com/?utm_source=dubai&utm_medium=local&utm_campaign=localbusiness","","4.8","817","yes","https://www.google.com/maps/place/Alarfeen+Real+Estate+-+JVC+Branch+-+Dubai/data=!4m7!3m6!1s0x3e5f6dabcf1575eb:0xf67822a251300ed!8m2!3d25.0491805!4d55.214701!16s%2Fg%2F11q57xgtn6!19sChIJ63UVz6ttXz4R7QATJSqCZw8?authuser=0&hl=en&rclk=1"
"Revo Realty","","http://www.revorealty.ae/","http://www.revorealty.ae/","","4.8","817","yes","https://www.google.com/maps/place/Revo+Realty/data=!4m7!3m6!1s0x3e5f6b38d3fea2e1:0x6d0b37a225920ab8!8m2!3d25.107904!4d55.1788293!16s%2Fg%2F11rk905ncf!19sChIJ4aL-0zhrXz4RuAqSJaI3C20?authuser=0&hl=en&rclk=1"
"Expert Properties","","https://expertproperties.com/","https://expertproperties.com/","","4.8","817","yes","https://www.google.com/maps/place/Expert+Properties/data=!4m7!3m6!1s0x3e5f6831f825a48d:0x1cc085b531808a85!8m2!3d25.1879835!4d55.2690739!16s%2Fg%2F11g9mf3ddw!19sChIJjaQl-DFoXz4RhYqAMbWFwBw?authuser=0&hl=en&rclk=1"
"Driven Properties LLC - HQ","","https://www.drivenproperties.com/","https://www.drivenproperties.com/","","4.8","817","yes","https://www.google.com/maps/place/Driven+Properties+LLC+-+HQ/data=!4m7!3m6!1s0x3e5f6830763235e1:0xf76fc2259db91cc6!8m2!3d25.2002439!4d55.2717221!16s%2Fg%2F11ckgl42wm!19sChIJ4TUydjBoXz4Rxhy5nSXCb_c?authuser=0&hl=en&rclk=1"
"Tree House Real Estate Dubai","","https://www.thetreehousere.com/","https://www.thetreehousere.com/","","4.8","817","yes","https://www.google.com/maps/place/Tree+House+Real+Estate+Dubai/data=!4m7!3m6!1s0x3e5f69773f85950d:0x37699ad41abf0937!8m2!3d25.1846324!4d55.2643548!16s%2Fg%2F11nxtc6s1_!19sChIJDZWFP3dpXz4RNwm_GtSaaTc?authuser=0&hl=en&rclk=1"
"MNA Properties","","http://www.mnaproperties.ae/","http://www.mnaproperties.ae/","","4.8","817","yes","https://www.google.com/maps/place/MNA+Properties/data=!4m7!3m6!1s0x3e5f6b1e6304c257:0x2f7e0c1b0c9dca15!8m2!3d25.0970421!4d55.1687455!16s%2Fg%2F11sc41z8sl!19sChIJV8IEYx5rXz4RFcqdDBsMfi8?authuser=0&hl=en&rclk=1"
"Rainbow Properties LLC Dubai","","http://www.mnaproperties.ae/","http://www.mnaproperties.ae/","","4.8","817","yes","https://www.google.com/maps/place/Rainbow+Properties+LLC+Dubai/data=!4m7!3m6!1s0x3e5f69dfd43be6d5:0xbd5adeb4e0f0f486!8m2!3d25.1168197!4d55.369578!16s%2Fg%2F11h419rt1f!19sChIJ1eY71N9pXz4RhvTw4LTeWr0?authuser=0&hl=en&rclk=1"
"MTR Properties LLC | Find Properties in Dubai","","https://www.mtrproperties.ae/","https://www.mtrproperties.ae/","","4.8","817","yes","https://www.google.com/maps/place/MTR+Properties+LLC+%7C+Find+Properties+in+Dubai/data=!4m7!3m6!1s0x3e5f4323936ca91f:0x7d282e1cc4bcf865!8m2!3d25.1898642!4d55.2844382!16s%2Fg%2F11rd8vcnrn!19sChIJH6lskyNDXz4RZfi8xBwuKH0?authuser=0&hl=en&rclk=1"
"Treo Homes","","https://www.treo-homes.com/","https://www.treo-homes.com/","","4.8","817","yes","https://www.google.com/maps/place/Treo+Homes/data=!4m7!3m6!1s0x3e5f6b78680a9fe1:0x13d76995ac9f2dca!8m2!3d25.0410362!4d55.2490321!16s%2Fg%2F11f30m1rsn!19sChIJ4Z8KaHhrXz4Ryi2frJVp1xM?authuser=0&hl=en&rclk=1"
"Loam Real Estate - Best Real Estate Agency in Dubai","","http://www.loamrealestate.com/","http://www.loamrealestate.com/","","4.8","817","yes","https://www.google.com/maps/place/Loam+Real+Estate+-+Best+Real+Estate+Agency+in+Dubai/data=!4m7!3m6!1s0x3e5f69a0f1de714d:0x1d2d8a1051812293!8m2!3d25.2119497!4d55.2747508!16s%2Fg%2F11khf3v7yn!19sChIJTXHe8aBpXz4RkyKBURCKLR0?authuser=0&hl=en&rclk=1"
"Arabian Estates - Real Estate Agency Dubai","","https://www.arabianestates.ae/?utm_source=localmaps&utm_medium=google","https://www.arabianestates.ae/?utm_source=localmaps&utm_medium=google","","4.8","7","yes","https://www.google.com/maps/place/Arabian+Estates+-+Real+Estate+Agency+Dubai/data=!4m7!3m6!1s0x3e5f6dda31c04aa5:0x643505bb9074f0f!8m2!3d25.1061847!4d55.1483619!16s%2Fg%2F11t57n3r3s!19sChIJpUrAMdptXz4RD08HuVtQQwY?authuser=0&hl=en&rclk=1"
"Impressive Real Estate LLC","","https://impressiverealestate.net/","https://impressiverealestate.net/","","4.8","52","yes","https://www.google.com/maps/place/Impressive+Real+Estate+LLC/data=!4m7!3m6!1s0x3e5f433096e7414f:0x2c36f246a95842f7!8m2!3d25.2516171!4d55.3012382!16s%2Fg%2F11rkdnrxlr!19sChIJT0HnljBDXz4R90JYqUbyNiw?authuser=0&hl=en&rclk=1"
"The Urban Nest Real Estate Broker LLC","","http://www.theurbannest.ae/","http://www.theurbannest.ae/","","4.8","311","yes","https://www.google.com/maps/place/The+Urban+Nest+Real+Estate+Broker+LLC/data=!4m7!3m6!1s0x3e5f6b15b00c8917:0xf9c582e53e16c61e!8m2!3d25.0971529!4d55.1807201!16s%2Fg%2F11f60zhgbg!19sChIJF4kMsBVrXz4RHsYWPuWCxfk?authuser=0&hl=en&rclk=1"
"D&B Properties","","https://dandbdubai.com/","https://dandbdubai.com/","","4.8","56","yes","https://www.google.com/maps/place/D%26B+Properties/data=!4m7!3m6!1s0x3e5f683a8643b801:0xc1b89a885822742b!8m2!3d25.1876338!4d55.2705553!16s%2Fg%2F11cjht6b06!19sChIJAbhDhjpoXz4RK3QiWIiauME?authuser=0&hl=en&rclk=1"
"Aaronz & Co. Real Estate Services","","https://www.aaronz.co/","https://www.aaronz.co/","","4.8","1,427","yes","https://www.google.com/maps/place/Aaronz+%26+Co.+Real+Estate+Services/data=!4m7!3m6!1s0x3e5f6d29eb90ea77:0x87d63301b291f06b!8m2!3d25.1148413!4d55.1376326!16s%2Fg%2F11rklf37rm!19sChIJd-qQ6yltXz4Ra_CRsgEz1oc?authuser=0&hl=en&rclk=1"
"Unique Properties","","https://uniqueproperties.ae/en/","https://uniqueproperties.ae/en/","","4.8","444","yes","https://www.google.com/maps/place/Unique+Properties/data=!4m7!3m6!1s0x3e5f6bbeefffffff:0xe417fab21f5fff32!8m2!3d25.1888374!4d55.2629563!16s%2Fg%2F1vvywk6_!19sChIJ____775rXz4RMv9fH7L6F-Q?authuser=0&hl=en&rclk=1"
"Metropolitan Premium Properties","","https://metropolitan.realestate/?utm_source=gmb&utm_medium=organic&utm_content=listing&utm_campaign=mpp","https://metropolitan.realestate/?utm_source=gmb&utm_medium=organic&utm_content=listing&utm_campaign=mpp","","4.8","444","yes","https://www.google.com/maps/place/Metropolitan+Premium+Properties/data=!4m7!3m6!1s0x3e5f699d2560be17:0xf5856d2bee96f8aa!8m2!3d25.1839733!4d55.2594894!16s%2Fg%2F11h547xjnq!19sChIJF75gJZ1pXz4RqviW7itthfU?authuser=0&hl=en&rclk=1"
"House & Hedges Real Estate - Head Office","","https://houseandhedges.ae/","https://houseandhedges.ae/","","4.8","444","yes","https://www.google.com/maps/place/House+%26+Hedges+Real+Estate+-+Head+Office/data=!4m7!3m6!1s0x3e5f69ebd1d57ae9:0x50b2631d4ec4d90b!8m2!3d25.1136741!4d55.245812!16s%2Fg%2F11tx5yxqm4!19sChIJ6XrV0etpXz4RC9nETh1jslA?authuser=0&hl=en&rclk=1"
"Smart Folks Real Estate Brokers","","https://themegahub.in/","https://themegahub.in/","","4.8","444","yes","https://www.google.com/maps/place/Smart+Folks+Real+Estate+Brokers/data=!4m7!3m6!1s0x3e5f43337a7f09e9:0x206ffc964cfb75a!8m2!3d25.255722!4d55.3033769!16s%2Fg%2F11s3y7b60l!19sChIJ6Ql_ejNDXz4RWrfPZMn_BgI?authuser=0&hl=en&rclk=1"
"Patriot Real Estate","","https://patriot.ae/","https://patriot.ae/","","4.8","444","yes","https://www.google.com/maps/place/Patriot+Real+Estate/data=!4m7!3m6!1s0x3e5f6b6c153cc641:0x9623e9d1b9381936!8m2!3d25.0957956!4d55.1728127!16s%2Fg%2F11g22xm_th!19sChIJQcY8FWxrXz4RNhk4udHpI5Y?authuser=0&hl=en&rclk=1"
"ALH Properties","","https://www.alhprops.com/","https://www.alhprops.com/","","4.8","444","yes","https://www.google.com/maps/place/ALH+Properties/data=!4m7!3m6!1s0x3e5f69812ec389a3:0x7cc97736f62ce74e!8m2!3d25.0753976!4d55.1398252!16s%2Fg%2F11j0j29plv!19sChIJo4nDLoFpXz4RTucs9jZ3yXw?authuser=0&hl=en&rclk=1"
"Casa Nostra Real Estate Brokers","","http://casanostra.ae/","http://casanostra.ae/","","4.8","444","yes","https://www.google.com/maps/place/Casa+Nostra+Real+Estate+Brokers/data=!4m7!3m6!1s0x3e5f6b78665fb729:0x3fd4ce9685298644!8m2!3d25.0971369!4d55.1804753!16s%2Fg%2F11bbwnnmm7!19sChIJKbdfZnhrXz4RRIYphZbO1D8?authuser=0&hl=en&rclk=1"
"Aston Pearl Real Estate","","https://www.astonpearlre.com/","https://www.astonpearlre.com/","","4.8","444","yes","https://www.google.com/maps/place/Aston+Pearl+Real+Estate/data=!4m7!3m6!1s0x3e5f6bbd608c550f:0x6c07b528b7a50bce!8m2!3d25.1125625!4d55.1889375!16s%2Fg%2F1tfr_jzm!19sChIJD1WMYL1rXz4Rzgultyi1B2w?authuser=0&hl=en&rclk=1"
"HUAXIA REAL ESTATE BROKERS - DUBAI | 迪拜华夏地产","","https://www.huaxia.ae/?utm_source=local_maps&utm_medium=gbp&utm_campaign=googlemaps","https://www.huaxia.ae/?utm_source=local_maps&utm_medium=gbp&utm_campaign=googlemaps","","4.8","444","yes","https://www.google.com/maps/place/HUAXIA+REAL+ESTATE+BROKERS+-+DUBAI+%7C+%E8%BF%AA%E6%8B%9C%E5%8D%8E%E5%A4%8F%E5%9C%B0%E4%BA%A7/data=!4m7!3m6!1s0x3e5f69a57e472025:0xfe73371b2392a773!8m2!3d25.1134409!4d55.2459584!16s%2Fg%2F11h3bsdg9d!19sChIJJSBHfqVpXz4Rc6eSIxs3c_4?authuser=0&hl=en&rclk=1"
"DRE (Homes Real Estate)","","https://www.huaxia.ae/?utm_source=local_maps&utm_medium=gbp&utm_campaign=googlemaps","https://www.huaxia.ae/?utm_source=local_maps&utm_medium=gbp&utm_campaign=googlemaps","","4.8","444","yes","https://www.google.com/maps/place/DRE+%28Homes+Real+Estate%29/data=!4m7!3m6!1s0x3e5f69d069d937b1:0xe9a4d6fc4b56d9a0!8m2!3d25.1133943!4d55.245715!16s%2Fg%2F1pv6y0q3z!19sChIJsTfZadBpXz4RoNlWS_zWpOk?authuser=0&hl=en&rclk=1"
