business_name,phone,website,cta_url,address,rating,reviews,has_website,maps_url,email,instagram,email_subject,email_body,niche
"Dacha - Real Estate Agents in Dubai Marina","; 412837100; 23603699696","https://www.dacha.ae/contact/real-estate-agents-in-dubai-marina/","https://www.dacha.ae/contact/real-estate-agents-in-dubai-marina/","","4.8","","yes","https://www.google.com/maps/place/Dacha+-+Real+Estate+Agents+in+Dubai+Marina/data=!4m7!3m6!1s0x3e5f6a001cf55a71:0x4102133a9a1455de!8m2!3d25.0753976!4d55.1398252!16s%2Fg%2F1hg4y7gw8!19sChIJcVr1HABqXz4R3lUUmjoTAkE?authuser=0&hl=en&rclk=1","info@dacha.ae","dacharealestate","Turning Dubai Marina leads into viewings 24/7","Hi Dacha team,

I've been following your work in the Dubai Marina market. Most agencies lose 60-70% of leads because they don't respond within the first 5 minutes. 

We build WhatsApp AI agents for real estate firms that reply to every new lead in under 90 seconds, qualify them, and book viewings automatically. Agents using this are seeing 2-3x more conversions without adding staff.

Worth a 15-min call this week?","realestate"
"Exclusive Links Real Estate Brokers Dubai Marina","; +971 4 399 4937; 2022-08-23","https://www.exclusive-links.com/?utm_source=localmaps&utm_medium=gbp&utm_campaign=Dubaimarina&utm_term=listing","https://www.exclusive-links.com/?utm_source=localmaps&utm_medium=gbp&utm_campaign=Dubaimarina&utm_term=listing","","4.8","","yes","https://www.google.com/maps/place/Exclusive+Links+Real+Estate+Brokers+Dubai+Marina/data=!4m7!3m6!1s0x3e5f6bdbd897fa6d:0xe646762ef5b09b1f!8m2!3d25.0865588!4d55.147776!16s%2Fg%2F11h7cqvv35!19sChIJbfqX2NtrXz4RH5uw9S52RuY?authuser=0&hl=en&rclk=1","property@exclusie-links.com","exclusivelinks","Auto-qualifying Dubai Marina buyer leads","Hi Exclusive Links team,

Your presence in the Dubai Marina area is impressive. However, many agencies struggle with lead follow-up speed, often losing buyers to competitors who call back first.

Our WhatsApp AI agent ensures every lead gets a response in under 90 seconds, 24/7. It qualifies buyers, sends brochures, and books viewings while your team sleeps. 

Worth a 15-min call to see how it works?","realestate"
"Strada Real Estate Brokerage","; 999999998; 999999999","http://www.stradauae.com/","http://www.stradauae.com/","","4.8","88","yes","https://www.google.com/maps/place/Strada+Real+Estate+Brokerage/data=!4m7!3m6!1s0x3e5f6b931219ac79:0x6899464b4fea777a!8m2!3d25.1138231!4d55.24615!16s%2Fg%2F11sx0fbtn8!19sChIJeawZEpNrXz4RenfqT0tGmWg?authuser=0&hl=en&rclk=1","taha@seven52creative.com; info@stradauae.com","stradauae","Helping Strada convert more Dubai leads","Hi Strada team,

I noticed your active listings in Dubai. One of the biggest revenue leaks in real estate is slow lead response time—leads go cold in minutes.

We provide WhatsApp AI agents that follow up with every new lead in under 90 seconds, qualify them, and book viewings on autopilot. Our clients convert 2-3x more leads without hiring extra coordinators.

Worth a 15-min call this week?","realestate"
"Next Level Real Estate - Award Winning Real Estate Agency in Dubai","; 401482605007054; 0802-2540349","https://www.nextlevelrealestate.ae/?utm_source=google&utm_medium=organic&utm_campaign=googlge_my_business","https://www.nextlevelrealestate.ae/?utm_source=google&utm_medium=organic&utm_campaign=googlge_my_business","","4.8","296","yes","https://www.google.com/maps/place/Next+Level+Real+Estate+-+Award+Winning+Real+Estate+Agency+in+Dubai/data=!4m7!3m6!1s0x3e5f69d3345b4265:0x84561af444b75ead!8m2!3d25.1851504!4d55.2755081!16s%2Fg%2F11b7r6npwg!19sChIJZUJbNNNpXz4RrV63RPQaVoQ?authuser=0&hl=en&rclk=1","media@nextlevelrealestate.ae","Nextlevelrealestate.ae","Scaling Next Level's lead conversion in Dubai","Hi Next Level team,

Congrats on your award-winning work in the Dubai market. To keep that momentum, speed-to-lead is critical. Most agencies lose 60% of leads due to slow follow-ups.

Our WhatsApp AI agent replies to every lead in under 90 seconds, qualifies them, and books viewings 24/7. It's like having a 24/7 sales assistant that never sleeps and never misses a lead.

Worth a 15-min call this week?","realestate"
"McCone Properties","; 880104565; +971 4 380 6683","https://www.mcconeproperties.com/?utm_source=googlemaps&utm_medium=organic&utm_campaign=Dubai","https://www.mcconeproperties.com/?utm_source=googlemaps&utm_medium=organic&utm_campaign=Dubai","","4.8","418","yes","https://www.google.com/maps/place/McCone+Properties/data=!4m7!3m6!1s0x3e5f42817b2ccdfd:0x86ec4e428cd29605!8m2!3d25.0964245!4d55.1688941!16s%2Fg%2F1pxwbd8zb!19sChIJ_c0se4FCXz4RBZbSjEJO7IY?authuser=0&hl=en&rclk=1","info@mcconeproperties.com","mcconeproperties","24/7 AI viewing assistant for McCone Properties","Hi McCone Properties team,

I've been following your growth in Dubai. In this competitive market, responding to leads in seconds is the difference between a deal and a lost lead.

We build WhatsApp AI agents that handle all initial lead follow-ups in under 90 seconds. They qualify buyers and book viewings directly into your calendar. Agents using this convert 2-3x more leads.

Worth a 15-min call this week?","realestate"
