business_name,author,post_title,pain_point,keyword_hit,subreddit,reddit_url,email,phone,website,cta_url,score,source
u/Jumpy-Ad8831,Jumpy-Ad8831,Zillow Is Growing When the Housing Market Is Frozen,"&gt;For many Americans, the housing market isn’t working. Prices are too high for many buyers, and owners who locked in low mortgage rates are reluctant to sell.  &gt;Last year, home sales languished at the slowest pace in 30 years.  &gt;That hasn’t stopped millions of people from scrolling on Zillow, the country’s largest site for real estate listings. In fact, it’s one of the country’s largest s",lead follow up,REBubble,https://www.reddit.com/r/REBubble/comments/1malpey/zillow_is_growing_when_the_housing_market_is/,,,https://www.nytimes.com/2025/07/27/business/zillow-house-prices-sales.html,https://www.nytimes.com/2025/07/27/business/zillow-house-prices-sales.html,133,reddit
u/Heavy_Western4804,Heavy_Western4804,lead stories,"Tell me your wildest lead story  This weekend I connected with a lead through a new build inquiry. She wanted to see some townhomes and seen the builder was offering 4% back to buy down the rate if you used his lender. She asked if it would be possible to apply this to the down payment because she does not have any funds for one. I said no, however I would be happy to get her in touch with a lende",lead follow up,realtors,https://www.reddit.com/r/realtors/comments/1t8wf5n/lead_stories/,,,,https://www.reddit.com/r/realtors/comments/1t8wf5n/lead_stories/,40,reddit
u/SuperPineapple7033,SuperPineapple7033,"I can't believe many people on here don't see the threat of monopoly, and instead focus on Zillow.  If a monopoly takes over and pushes private listing networks vs the transparency of sites like Zillo","Currently, Zillow exists.  It's like the ""Google"" of real estate (and I heard Google wants to enter the ""portal wars"" soon which is another issue which ties into what I'm about to say).  If Zillow didn't exist, it would be any of all these other dot coms.  **Pros of Zillow (in my opinion):**  1. It's a user friendly site that gives major exposure to our listings. 2. In some markets, you can buy le",lead follow up,realtors,https://www.reddit.com/r/realtors/comments/1pud9wr/i_cant_believe_many_people_on_here_dont_see_the/,,,,https://www.reddit.com/r/realtors/comments/1pud9wr/i_cant_believe_many_people_on_here_dont_see_the/,39,reddit
u/taymom,taymom,Stepping back and relaunching changed my business,"I am in year 3 in this career and while I’ve had success (top 10 in my market center in 2025) I always felt like I was in survival mode. My lead follow up was non-existent, my past client follow up sucked, I had no systems for anything. I took a step back at the end of last year and forced myself to address all of the not fun things and it has completely changed my business!!   I finally feel like",lead follow up,realtors,https://www.reddit.com/r/realtors/comments/1rfqps4/stepping_back_and_relaunching_changed_my_business/,,,,https://www.reddit.com/r/realtors/comments/1rfqps4/stepping_back_and_relaunching_changed_my_business/,27,reddit
u/Negative-Pilot8748,Negative-Pilot8748,Looking for advice about Thinking about stepping back and getting a 9-5,"I’m 18 and I know my age plays a role in this, but I’ve been licensed and actively working in real estate for a little over six months now and I’ve sold nothing.  I get leads, they fall through. I do open houses and door knocking and see nobody. I show up, but it feels like I’m forcing myself every time — and honestly, I’m exhausted and discouraged.  The reason I got into real estate in the first ",lead follow up,realtors,https://www.reddit.com/r/realtors/comments/1pyz0c1/looking_for_advice_about_thinking_about_stepping/,,,,https://www.reddit.com/r/realtors/comments/1pyz0c1/looking_for_advice_about_thinking_about_stepping/,25,reddit
u/Lyrera,Lyrera,Are we spending too much time on automation and not enough on actual client relationships?,"Ive been thinking about this after reading a few threads here. So many of us lean hard on CRMs, drip campaigns, automated texts, ringless voicemails. It feels productive but are we just hiding from picking up the phone? I catch myself doing it too. Send an automated follow up instead of just calling. Schedule a text instead of having a real conversation. Dont get me wrong, I love efficiency. But t",lead follow up,realtors,https://www.reddit.com/r/realtors/comments/1sblfjf/are_we_spending_too_much_time_on_automation_and/,,,,https://www.reddit.com/r/realtors/comments/1sblfjf/are_we_spending_too_much_time_on_automation_and/,24,reddit
u/ImportantImplement9,ImportantImplement9,How to politely sever ties with my agent that I'm no longer happy with?,Long backstory..  Our current agent has sold a home of ours and also bought our current home. We are looking to buy and sell again so we signed a buyers agreement with them. We have been looking since September 2025.  We admittedly do have a steep requirements list that I think our agent doesn't really like because it makes it harder to find a suitable property.  We missed out on a property that w,lead follow up,RealEstate,https://www.reddit.com/r/RealEstate/comments/1sx80l4/how_to_politely_sever_ties_with_my_agent_that_im/,,,,https://www.reddit.com/r/RealEstate/comments/1sx80l4/how_to_politely_sever_ties_with_my_agent_that_im/,23,reddit
u/BoxersOrCaseBriefs,BoxersOrCaseBriefs,Agent says I have to sign a representation agreement under the new NAR rules before she can show me a house when I'm currently unrepresented.,"I'm currently unrepresented, just starting to look at a bigger homes. We may use our previous realtor or may not. A new house popped up on the market and I reached out through Zillow to the seller's agent. She responded to schedule a showing, asked if I was represented, and when I said I was not, she sent the following:  ""Just so you’re aware, with the new NAR regulations, a signed buyer-broker ag",lead follow up,RealEstate,https://www.reddit.com/r/RealEstate/comments/1qvfvoi/agent_says_i_have_to_sign_a_representation/,,,https://www.nar.realtor/the-facts/nar-settlement-faqs,https://www.nar.realtor/the-facts/nar-settlement-faqs,23,reddit
u/The_Bucket_Of_Truth,The_Bucket_Of_Truth,[Landlord - USA-CA] Where do you list your apartments these days? Zillow was the best and Apartments.com is charging insane money now. Facebook?,"I gave up on craigslist a while ago which is a shame because I actually liked the site.  Most recently I'd post up on Zillow, Apartments.com, and Facebook.  I'd say most and best leads came off Zillow and and then Facebook (but worse leads) followed by Apartments.com.  Apartments.com is now seemingly asking me to spend $349 to list an apartment which of course I won't be doing.  It makes it sort o",lead follow up,Landlord,https://www.reddit.com/r/Landlord/comments/1pocebb/landlord_usaca_where_do_you_list_your_apartments/,,,,https://www.reddit.com/r/Landlord/comments/1pocebb/landlord_usaca_where_do_you_list_your_apartments/,20,reddit
u/Im_Just_Another_Us3r,Im_Just_Another_Us3r,Zero Converson,"Part-time agent here.  I do a ton of open houses, no one signs in, people do walk away with the marketing materials that have my contact info on it - but none follow up.  I work at a luxury boutique brokerage with a broker who competes, but is more than willing to offer advice/guidance when she can.  I do a lot of her open houses but I don’t really get leads from them.  What am I not doing, or doi",lead follow up,realtors,https://www.reddit.com/r/realtors/comments/1p4zmre/zero_converson/,,,,https://www.reddit.com/r/realtors/comments/1p4zmre/zero_converson/,17,reddit
u/BobcatZestyclose4552,BobcatZestyclose4552,Idk what to do.,"I have had a very successful year in real estate. It’s my second full time year and i’ve closed 24 transactions so far. My leads are coming from cold calling, VETERANS UNITED and referrals.   I’d love to start using the money i’ve generated to bring in more leads without having to put the initial sweat equity. I don’t mind the follow up process. 8-11am is scheduled for prospecting and follow up re",lead follow up,realtors,https://www.reddit.com/r/realtors/comments/1okg3ge/idk_what_to_do/,,,,https://www.reddit.com/r/realtors/comments/1okg3ge/idk_what_to_do/,15,reddit
u/Gfppaste,Gfppaste,Leading indicators for an overpriced listing,"I have a listing in a HCOL city (just outside of NYC). It’s been on the market 4 days, and has had 14 booked viewings, with an open house coming up one day from now.  So far, haven’t heard any feedback or follow up bookings at all from the showing agents… out of the booked viewings:  2 no call no show (shitty showing agent manners)  1 buyer no show (stood up showing agent)  3 showings under 10 min",lead follow up,realtors,https://www.reddit.com/r/realtors/comments/1qxr43c/leading_indicators_for_an_overpriced_listing/,,,,https://www.reddit.com/r/realtors/comments/1qxr43c/leading_indicators_for_an_overpriced_listing/,14,reddit
u/Fit_Hamster_6518,Fit_Hamster_6518,"22 y/o New to CRE Investment Sales — Looking for Advice, Expectations, &amp; How to Stay on Track","Hey everyone,  I’m 22 and just started full-time at a small CRE investment sales firm outside Philadelphia. We focus on STNL deals. I interned here last summer and came on full-time after graduating. This is my first job out of college.  The office is small—8 people total, with 5 brokers/salespeople. Company is about 5 years old and my cousin (who I was never super close with) is the Managing Dire",lead follow up,CommercialRealEstate,https://www.reddit.com/r/CommercialRealEstate/comments/1laknmt/22_yo_new_to_cre_investment_sales_looking_for/,,,,https://www.reddit.com/r/CommercialRealEstate/comments/1laknmt/22_yo_new_to_cre_investment_sales_looking_for/,13,reddit
u/Money-Boysenberry16,Money-Boysenberry16,Lead Follow Up,"Hey folks,  I’m curious how you handle new leads from phone calls, Instagram, Facebook, or your website. Some agents I know call immediately or some send a quick message.  What actually works for you in your day-to-day? Do you have a set routine or have you been able to automate the follow up process?  Would love to hear your approach - trying to see what works for others in the trenches.",lead follow up,realtors,https://www.reddit.com/r/realtors/comments/1p34qan/lead_follow_up/,,,,https://www.reddit.com/r/realtors/comments/1p34qan/lead_follow_up/,12,reddit
u/Harley_Bush_REALTOR,Harley_Bush_REALTOR,I’m beating myself up so bad,"Hey guys, so very straight to the point I have done 2.5 million in volume my first year which has allowed me to go full time. I’m 21 years old, so my broker has agreed to supply me leads for a lower split while I’m still building my business. I have done very good on follow up and have closed 3 of these for them this year but last week I had one get sent over and I completely let it slip my mind t",lead follow up,realtors,https://www.reddit.com/r/realtors/comments/1p1romk/im_beating_myself_up_so_bad/,,,,https://www.reddit.com/r/realtors/comments/1p1romk/im_beating_myself_up_so_bad/,12,reddit
u/Creepy_Effective_598,Creepy_Effective_598,Share insights from a few months of outbound,"Tested outbound for the last couple months and noted a few things that helped me at the very beginning of this not so easy task   First I narrowed the ICP to exclude and filter people to reach the most interesting to me.   Also I realized I was putting too much into each message. Trying to cover multiple points just made it waaay way weaker, so I decided to focus on one clear pain point each time.",crm automation,GrowthHacking,https://www.reddit.com/r/GrowthHacking/comments/1tayfvh/share_insights_from_a_few_months_of_outbound/,,,,https://www.reddit.com/r/GrowthHacking/comments/1tayfvh/share_insights_from_a_few_months_of_outbound/,10,reddit
u/Difficult_Skin8095,Difficult_Skin8095,"new agents, the CRM is not the problem, you just don't have a follow up system","I see posts every week here asking which CRM is the best. kvcore, follow up boss, lofty, wise agent. I've used 3 of them in 8 years and I'll tell you the answer is it genuinely does not matter if you don't have a follow up habit.    the CRM is a database. it stores contacts and reminds you to do things. that's it. the actual work is doing the thing it reminds you to do. and the reason most agents ",lead follow up,RealEstate,https://www.reddit.com/r/RealEstate/comments/1s0ei71/new_agents_the_crm_is_not_the_problem_you_just/,,,,https://www.reddit.com/r/RealEstate/comments/1s0ei71/new_agents_the_crm_is_not_the_problem_you_just/,9,reddit
u/samuelcristea,samuelcristea,"6 months in, no deals yet. Trying a niche “rockstar realtor” content approach. Would appreciate honest agent feedback","I’ve been in real estate about 6 months and haven’t closed a deal yet. I’ve been consistently doing outreach, following up with leads, and trying to stay active, but nothing has converted so far.  Recently I started experimenting with a more niche personal brand since I’m also a guitarist. The idea was to stand out from the typical “just listed / just sold” content most agents post.  Right now I’m",lead follow up,realtors,https://www.reddit.com/r/realtors/comments/1stk589/6_months_in_no_deals_yet_trying_a_niche_rockstar/,,,,https://www.reddit.com/r/realtors/comments/1stk589/6_months_in_no_deals_yet_trying_a_niche_rockstar/,9,reddit
u/Laugh_attract1on,Laugh_attract1on,Can’t seem to close,"I recently just started doing real estate full time (1 month to be exact) I’ve been cold calling leads and having great conversations with sellers that are interested in selling and have motivation. They’re asking me for comps which my mentor showed me how to do. When I present the listing packet that has comparables, property profile, and net sheet I seem to get ghosted when I follow up with them",lead follow up,realtors,https://www.reddit.com/r/realtors/comments/1qws2z3/cant_seem_to_close/,,,,https://www.reddit.com/r/realtors/comments/1qws2z3/cant_seem_to_close/,9,reddit
u/airen_admin,airen_admin,[Landlord US-NYC] First-time landlord renting out condo without a broker,"I wanted to share my recent journey renting out my condo in NYC without a broker with summary of total cost. I posted the StreetEasy listing on May 10th and the and the lease was signed on June 4th(25 days turnaround).  At first I considered hiring brokers, but the commission here is usually 1 month’s rent. A broker friend suggested I just DIY the process. I thought this should be relatively easy ",lead follow up,Landlord,https://www.reddit.com/r/Landlord/comments/1nvaepk/landlord_usnyc_firsttime_landlord_renting_out/,,,,https://www.reddit.com/r/Landlord/comments/1nvaepk/landlord_usnyc_firsttime_landlord_renting_out/,8,reddit
u/OkAward1703,OkAward1703,Review of Working with Ableman Group - Spoiler: We Won't Do Business With Them Again,"Real estate is a small community as ya'll know, so wanted to share our experience working with the Ableman Group. TL;DR introduced them to a small multifamily opportunity we had looked at but decided not to pursue. They agreed to pay a referral fee for the introduction, the transaction closed, then they decided they didn't feel like paying it... They made $75k on the deal.  The Story:  Had a few c",lead follow up,RealEstate,https://www.reddit.com/r/RealEstate/comments/1r9yoft/review_of_working_with_ableman_group_spoiler_we/,,,,https://www.reddit.com/r/RealEstate/comments/1r9yoft/review_of_working_with_ableman_group_spoiler_we/,7,reddit
u/Positive-Fox3161,Positive-Fox3161,Anyone experience this with follow up?,"Any other Realtors experience this? The leads we really think are going to sell and we follow up hard on end up dragging their feet, and the leads where you don't think they're going to sell or don't sound too interested end up listing! ",lead follow up,realtors,https://www.reddit.com/r/realtors/comments/1qjclsj/anyone_experience_this_with_follow_up/,,,,https://www.reddit.com/r/realtors/comments/1qjclsj/anyone_experience_this_with_follow_up/,7,reddit
u/NewSignal2866,NewSignal2866,Convince me to leave my team,"Idk why this is so difficult for me.   I’ve been on a team 6 years. Started when I was brand new. Over these years, I’ve changed from being given majority of my clients to me closing 85%+ of my own sphere last year. I took probably 5 team given leads because I didn’t need any more. Of our team sales, $38m, I closed $25m of that. And yet I paid out over $150k last year.   My issue is I’m afraid to ",lead follow up,realtors,https://www.reddit.com/r/realtors/comments/1sgtkal/convince_me_to_leave_my_team/,,,,https://www.reddit.com/r/realtors/comments/1sgtkal/convince_me_to_leave_my_team/,6,reddit
u/Educational_Ad9555,Educational_Ad9555,What do you think of this?,"I’m not trying to be a realtor. You all already do a ton, and I respect that. My lane is the loan side but from my experience in marketing and lead generation in another realm, I’ve found a few ways to support agents without stepping on toes.  I’m not looking to be just another loan officer panhandling for business. I want to provide real value, and here’s how I’m thinking about doing that:  **For",lead follow up,RealEstate,https://www.reddit.com/r/RealEstate/comments/1kxzeo5/what_do_you_think_of_this/,,,,https://www.reddit.com/r/RealEstate/comments/1kxzeo5/what_do_you_think_of_this/,5,reddit
u/timbertundra,timbertundra,"DAY 1 tomorrow! Let’s go!CRM and phone numbers, first live day tomorrow as an agent","Might document this journey as a journal to myself if there is any interest  I officially became active with the board and state today.  I have a small sphere of influence.   ALSO, my wife is an agent but hasn’t sold anything for a couple years and took a little break, her desire is to act more as a transaction coordinator for us which will help me an my ADHD with microtasks, I love working hard b",crm automation,realtors,https://www.reddit.com/r/realtors/comments/1lewtr7/day_1_tomorrow_lets_gocrm_and_phone_numbers_first/,,,,https://www.reddit.com/r/realtors/comments/1lewtr7/day_1_tomorrow_lets_gocrm_and_phone_numbers_first/,5,reddit
u/External-Proof318,External-Proof318,Any advice for keeping real estate deals alive all the way to closing?,"Lately I’ve been noticing something interesting in real estate… generating leads isn’t always the hard part — it’s what comes after.  I help a few agencies with online marketing, and we’ve been seeing around 40–45 buyer/seller leads a month. But the real challenge I keep hearing about is turning those leads into actual closed deals.  Some patterns I’ve noticed:  – New buyers reach out, but if foll",lead follow up,CommercialRealEstate,https://www.reddit.com/r/CommercialRealEstate/comments/1my7xiq/any_advice_for_keeping_real_estate_deals_alive/,,,,https://www.reddit.com/r/CommercialRealEstate/comments/1my7xiq/any_advice_for_keeping_real_estate_deals_alive/,4,reddit
u/Simply_sane0,Simply_sane0,WIBTA if I go no-contact with my dad after he replaced me with his girlfriend’s kids and lied about money?,"My father (36M) and I (18F) have a tumultuous relationship. We get close until he starts dating someone new, then he disappears. He’s currently with a long-term girlfriend (30?F) who has three children.  My history with him and girlfriend is terrible. At 14, she asked me, in front of my dad, if I felt ""safe"" or if he was ""SA-ing"" me because I was at an age where I was ""experiencing things."" (I was",lead follow up,WIBTA_AITA,https://www.reddit.com/r/WIBTA_AITA/comments/1tb02a8/wibta_if_i_go_nocontact_with_my_dad_after_he/,,,,https://www.reddit.com/r/WIBTA_AITA/comments/1tb02a8/wibta_if_i_go_nocontact_with_my_dad_after_he/,4,reddit
u/gravescd,gravescd,Agent Getting My Business Organized - What's Worked For You?,So I've been a CRE agent for 11 months now and am really starting to feel the time suck from being disorganized. I'm curious what other agents have found effective to maximize productive time early on in their career. My goal is to get as much of my sales funnel automated as possible so I can put more time into outreach activities.  I think my biggest challenge right now is getting the sales funne,crm automation,CommercialRealEstate,https://www.reddit.com/r/CommercialRealEstate/comments/1og3yao/agent_getting_my_business_organized_whats_worked/,,,,https://www.reddit.com/r/CommercialRealEstate/comments/1og3yao/agent_getting_my_business_organized_whats_worked/,4,reddit
u/KingMilosh,KingMilosh,Opinions of Ascendix vs. Buildout and Sharplaunch.,I’m considering both options for their CRM and wanted to get any recent feedback. I am leaning towards Ascendix as it seems much more robust and scalable if you decide later to add things like AI or custom features.   I’m also wondering if anyone has used Buildout’s listing landing page service in tandem with Ascendix CRM. Considering that vs. Sharplaunch.   Hoping to create an automated platform ,crm automation,CommercialRealEstate,https://www.reddit.com/r/CommercialRealEstate/comments/1kzpg9e/opinions_of_ascendix_vs_buildout_and_sharplaunch/,,,,https://www.reddit.com/r/CommercialRealEstate/comments/1kzpg9e/opinions_of_ascendix_vs_buildout_and_sharplaunch/,4,reddit
u/Chillipepper19,Chillipepper19,Agents vs developers,"I’m trying to get into the Bangalore real estate scene and understand how the ecosystem actually works. I work closely with a lot of real estate agents, but I don’t own any property myself, and before going deeper I want to understand where the real problems are on both sides. From an agent’s perspective, what are the biggest day-to-day issues—leads, follow-ups, inventory, conversions, or time was",lead follow up,RealEstate,https://www.reddit.com/r/RealEstate/comments/1po7kfs/agents_vs_developers/,,,,https://www.reddit.com/r/RealEstate/comments/1po7kfs/agents_vs_developers/,3,reddit
u/r2girls,r2girls,[Landlord - US-PA] Philadelphia “Safe Healthy Homes” Bills. Why Landlords Should Pay Attention Now,"Philadelphia City Council is expected to vote in February 2026 on the Safe Healthy Homes bills. As landlords, it is important to understand not just what these bills say, but how they got here.  For years, landlord groups, tenant advocates, and city officials have had ongoing discussions about improving housing safety while keeping rental housing viable. Many of the current systems around inspecti",lead follow up,Landlord,https://www.reddit.com/r/Landlord/comments/1qzllq3/landlord_uspa_philadelphia_safe_healthy_homes/,,,https://hapcophiladelphia.com/free-content/safe-healthy-homes-bills-update-what-rental-property-owners-need-to-know/,https://hapcophiladelphia.com/free-content/safe-healthy-homes-bills-update-what-rental-property-owners-need-to-know/,3,reddit
u/RandomTommy,RandomTommy,New Lead Contact,"Curious how other agents handle new internet leads. If someone doesn’t answer your first call/text, what’s your follow-up game look like?  My old office pushed 14 total touch points and wanted us to contact the lead every day for the first week. Felt intense sometimes, but I’ll admit… some people only responded after multiple attempts.  How aggressive are you with follow-up before you consider the",lead follow up,realtors,https://www.reddit.com/r/realtors/comments/1taejfu/new_lead_contact/,,,,https://www.reddit.com/r/realtors/comments/1taejfu/new_lead_contact/,3,reddit
u/guilhermex9x,guilhermex9x,I underestimated how much real estate conversion depends on communication timing,"One thing I’ve realized after watching a lot of real estate lead flow: timing matters way more than I originally thought. Not just ""where the lead came from"", or ""how good the ad was"", or ""how polished the CRM is"". but *how quickly and naturally communication happens* **after someone reaches out**.  A buyer fills out a form while *emotionally* engaged with listings.   A seller requests information",lead follow up,realtors,https://www.reddit.com/r/realtors/comments/1t8q64q/i_underestimated_how_much_real_estate_conversion/,,,https://www.dropcowboy.com/sms-marketing,https://www.dropcowboy.com/sms-marketing,3,reddit
u/Thin_Interview_4119,Thin_Interview_4119,Any solo realtors who learned by partnering with multiple mentors across brokerages,"Hey everyone, I am a newer agent in his 20s with lots and lots of time on his hands and wanted to hear real experiences from solo realtors who did not join a traditional team but instead generated their own leads and partnered deal by deal with experienced agents even from different brokerages to learn by shadowing showings, offers, negotiations and more while giving up a portion of the commission",lead follow up,realtors,https://www.reddit.com/r/realtors/comments/1pp8zqt/any_solo_realtors_who_learned_by_partnering_with/,,,,https://www.reddit.com/r/realtors/comments/1pp8zqt/any_solo_realtors_who_learned_by_partnering_with/,3,reddit
u/RealtorNathyn,RealtorNathyn,Question for Realtors or Marketers Who Get Leads from TikTok,"Good evening everybody,  This is a quick question for anyone who does social media marketing more specifically for TikTok. I personally think TikTok is a little easier to blow up on compared to other social platforms, and obviously the goal for most of us is to get leads from it. So, for anyone who has a good TikTok following, who gets the engagement, the views, the likes, the comments, and most i",lead follow up,realtors,https://www.reddit.com/r/realtors/comments/1otyrtf/question_for_realtors_or_marketers_who_get_leads/,,,,https://www.reddit.com/r/realtors/comments/1otyrtf/question_for_realtors_or_marketers_who_get_leads/,3,reddit
u/spuckcre,spuckcre,"What platforms are commercial brokers using for listing feeds + CRM? Seeking Buildout-style listing display, strong CRM, and optional auction support.","We’re a **commercial-first brokerage** (with some residential and auction services) trying to build a **regional commercial real estate marketplace** on our website — including for-sale, for-lease, and auction properties. We’re looking for a system that can handle listing display, CRM, pipeline management, marketing, and possibly auctions in a single ecosystem or a clean combination of tools.  The",lead follow up,CommercialRealEstate,https://www.reddit.com/r/CommercialRealEstate/comments/1p2fvb0/what_platforms_are_commercial_brokers_using_for/,,,,https://www.reddit.com/r/CommercialRealEstate/comments/1p2fvb0/what_platforms_are_commercial_brokers_using_for/,3,reddit
u/Simply_sane0,Simply_sane0,WIBTAH for going no contact with my father,"My father (36M) and I (18F) have a tumultuous relationship. We get close until he starts dating someone new, then he disappears. He’s currently with a long-term girlfriend (30?F) who has three children.  My history with him and girlfriend is terrible. At 14, she asked me, in front of my dad, if I felt ""safe"" or if he was ""SA-ing"" me because I was at an age where I was ""experiencing things."" (I was",lead follow up,okstorytime,https://www.reddit.com/r/okstorytime/comments/1tazxq8/wibtah_for_going_no_contact_with_my_father/,,,,https://www.reddit.com/r/okstorytime/comments/1tazxq8/wibtah_for_going_no_contact_with_my_father/,3,reddit
u/Familiar_Isopod_8226,Familiar_Isopod_8226,Web Developer | GoHighLevel Expert | Shopify | WordPress | React,"Hi everyone,  I’m a freelance web developer and GoHighLevel specialist helping businesses build modern websites, high-converting funnels, and automated systems that save time and generate more leads.  My services include:   • Shopify Store Design &amp; Customization   • WordPress Website Development   • GoHighLevel Funnels &amp; Automation   • Landing Pages &amp; Sales Funnels   • React Frontend D",crm automation,WebDeveloperJobs,https://www.reddit.com/r/WebDeveloperJobs/comments/1taxcqg/web_developer_gohighlevel_expert_shopify/,,,,https://www.reddit.com/r/WebDeveloperJobs/comments/1taxcqg/web_developer_gohighlevel_expert_shopify/,3,reddit
u/Vertith,Vertith,"Does GHL feel ""amateur"" for anyone else, or am I just bad at setting up the backend? 😩","I’ve been using HighLevel for about 6 months now for my agency. The automations are great, but every time a client gets an email notification or a booking confirmation, it looks... off.  My emails often land in 'Promotions,' and the domain tracking never feels truly 'white-labeled' or professional. I see big agencies having this super clean, unified infrastructure where everything (Workspace + CRM",crm automation,gohighlevel,https://www.reddit.com/r/gohighlevel/comments/1tawq7y/does_ghl_feel_amateur_for_anyone_else_or_am_i/,,,,https://www.reddit.com/r/gohighlevel/comments/1tawq7y/does_ghl_feel_amateur_for_anyone_else_or_am_i/,3,reddit
u/SapphoInDisguise,SapphoInDisguise,[Tenant US-FL] should landlord reduce rent,"I live with my 16 yo in a 2 bed 2 bath apartment owned and operated by a large corporation with complexes all over the US. I have lived here for almost 15 months and have about a year left on my lease. I'm on time with rent, keep my place clean and we are good, quiet, no problem tenants. I love my place, love my neighbors, etc and beyond that absolutely dread the thought of moving.  I have been un",lead follow up,Landlord,https://www.reddit.com/r/Landlord/comments/1owixdl/tenant_usfl_should_landlord_reduce_rent/,,,,https://www.reddit.com/r/Landlord/comments/1owixdl/tenant_usfl_should_landlord_reduce_rent/,2,reddit
u/Perfect-Lion4847,Perfect-Lion4847,Struggling to convert expired listings West Michigan area,"I’m a newer agent focusing heavily on expired listings, and I feel like I have the activity but not the conversion.  I’m pulling fresh expireds daily and calling them consistently. My issue isn’t getting leads — it’s knowing how to approach them strategically.  Here’s where I’m stuck:  	•	Should I leave voicemails on fresh expireds or not?  	•	How many call attempts before texting?  	•	How long sh",lead follow up,realtors,https://www.reddit.com/r/realtors/comments/1reqpt6/struggling_to_convert_expired_listings_west/,,,,https://www.reddit.com/r/realtors/comments/1reqpt6/struggling_to_convert_expired_listings_west/,2,reddit
u/SirenBites,SirenBites,admin work,"Do y'all actually like doing all the admin and marketing stuff, or does it feel like homework you keep putting off? Between lead follow-ups, listings, emails, socials, contracts… I swear your job has like 17 full-time jobs inside it.Curious-what part drains you the most?",lead follow up,realtors,https://www.reddit.com/r/realtors/comments/1pj78u1/admin_work/,,,,https://www.reddit.com/r/realtors/comments/1pj78u1/admin_work/,2,reddit
u/pulsereal_com,pulsereal_com,AI Tools Didn’t Replace My Work — They Helped Me Build a Small Online Business,"A year ago, I started experimenting with AI call tools because I was tired of missing leads, repeating the same customer conversations, and constantly being “available.”  At first, I thought AI calling was mostly hype.  Every platform claimed it could automate everything, replace teams overnight, and scale businesses instantly. In reality, most setups felt overwhelming or too robotic.  But after a",lead follow up,CustomerSuccess,https://www.reddit.com/r/CustomerSuccess/comments/1tb07hz/ai_tools_didnt_replace_my_work_they_helped_me/,,,,https://www.reddit.com/r/CustomerSuccess/comments/1tb07hz/ai_tools_didnt_replace_my_work_they_helped_me/,2,reddit
u/officially_over,officially_over,the catch up post for new angels (and old xcxheads),"This sub used to be the xcxheads era. Forum posts, tumblr discourse, the slow accumulation of obsessives who knew the demos before the singles. Lovely while it lasted. The audience is bigger now and the questions are different. People who came in through ‘Brat’ have started asking what ‘Pop 2’ is and whether ‘XCX World’ is real and how she funded any of this. Which is fair, and probably overdue.  ",lead follow up,charlixcx,https://www.reddit.com/r/charlixcx/comments/1tazz19/the_catch_up_post_for_new_angels_and_old_xcxheads/,,,,https://www.reddit.com/r/charlixcx/comments/1tazz19/the_catch_up_post_for_new_angels_and_old_xcxheads/,2,reddit
u/mcchimknnug,mcchimknnug,Should i move out at 19?,"I’m currently 19, living at home (Australia/ Adelaide), and living in home is draining the life out of me. i live in the middle of nowhere with no oppourtunity, all my friends around me have fucked me over, my family is very toxic &amp; my dad has been verbally abusing me for years. i love my family &amp; as much as id like to stay, it’s subconsciously holding me &amp; my future back. My brain fog",lead follow up,Advice,https://www.reddit.com/r/Advice/comments/1tazvub/should_i_move_out_at_19/,,,,https://www.reddit.com/r/Advice/comments/1tazvub/should_i_move_out_at_19/,2,reddit
u/realtoryb,realtoryb,If someone gave you $1000 for 12 months that you can only use for marketing/lead gen how would you use it?,"For arguments sake if we had free money of  $1000 coming in for 12 months guaranteed from somewhere that we had to use for marketing/lead gen how would you leverage to lead capture with this? Would you go traditional way or leverage real estate technology?(AI agents, VA, direct mail, online advertising,CRM automation etc)",crm automation,realtors,https://www.reddit.com/r/realtors/comments/1s5yb08/if_someone_gave_you_1000_for_12_months_that_you/,,,,https://www.reddit.com/r/realtors/comments/1s5yb08/if_someone_gave_you_1000_for_12_months_that_you/,2,reddit
u/SuperPineapple7033,SuperPineapple7033,Those of you who use cold callers to call your database - Aren't you worried they are going to steal your leads?,"I have a database of over 100,000+ leads that I've generated throughout the years.  I am trying to hit them with as much marketing as possible.  I hit them with email marketing, a CRM for some automation, and do what I can as its physically impossible for me to constantly call 100,000+ leads to drum up business.  I thought about texting, but I am worried about TCPA regulations where you could get ",crm automation,realtors,https://www.reddit.com/r/realtors/comments/1ombxyj/those_of_you_who_use_cold_callers_to_call_your/,,,,https://www.reddit.com/r/realtors/comments/1ombxyj/those_of_you_who_use_cold_callers_to_call_your/,2,reddit
u/Beer_nLasers,Beer_nLasers,Thoughts on best brokerage choice,"TLDR: Reentering the business and trying to decide between a small team and bing a single agent at an independent brokerage.  I am newly re-licensing after a lapse of many years. I have been doing my own deals (buy/reno/live/flip, and a few investment properties) through a couple of realtors who have become friends, and decided to get my license back to do my own transactions as well as generate s",crm automation,realtors,https://www.reddit.com/r/realtors/comments/1kor8uf/thoughts_on_best_brokerage_choice/,,,,https://www.reddit.com/r/realtors/comments/1kor8uf/thoughts_on_best_brokerage_choice/,2,reddit
u/CheetahUnited891,CheetahUnited891,Warning about Modern Day Brokerage — read before you hand them a dime.,"Check their marketing before you trust them to touch yours. The whole game is about collecting big upfront checks. Not because they are frontloading value like they will say on the sales call, but because they know once you are inside and you see the work Tristan actually delivers, you will want out in the first 30 days with no results. That is why they lock you into a 12 month contract. Ask yours",lead follow up,RealEstate,https://www.reddit.com/r/RealEstate/comments/1n9k4ri/warning_about_modern_day_brokerage_read_before/,,,,https://www.reddit.com/r/RealEstate/comments/1n9k4ri/warning_about_modern_day_brokerage_read_before/,1,reddit
u/ConcentrateSevere237,ConcentrateSevere237,The fortune is in the follow up,"With someone explain to me their follow-up procedure that works? I’m getting a good amount of leads from open houses and time in the community, but my follow-up does not have a clear system! What works for you?",lead follow up,realtors,https://www.reddit.com/r/realtors/comments/1sngyhu/the_fortune_is_in_the_follow_up/,,,,https://www.reddit.com/r/realtors/comments/1sngyhu/the_fortune_is_in_the_follow_up/,1,reddit
u/franklynpm,franklynpm,What are your favorite ways of providing value during your lead follow-ups?,"It’s good and hopefully common practice to work towards providing value with each follow up you do with any lead. I’m curious to know what other ways there are to provide value in your follow ups.   Louise I can think of off the top of my head are of course, providing properties that fit their criteria and any relevant market or economy, updates or law changes in their area that would be relevant ",lead follow up,realtors,https://www.reddit.com/r/realtors/comments/1pjnh11/what_are_your_favorite_ways_of_providing_value/,,,,https://www.reddit.com/r/realtors/comments/1pjnh11/what_are_your_favorite_ways_of_providing_value/,1,reddit
u/MaxCantaloupe,MaxCantaloupe,I'm looking for some opinions from *active* Realtors on entering the current market as a Realtor,"I don't have a clear, concise question. Just looking for any insight or to tell me if im crazy or not. I'm looking for some insight on agents *just starting* in the *current* market if anyone has the time to give. Thank you in advance.   I'm *seriously* considering getting my license again and getting into the market and working on a team run by a friend I trust. It would be in the greater metro a",lead follow up,realtors,https://www.reddit.com/r/realtors/comments/1pd7yln/im_looking_for_some_opinions_from_active_realtors/,,,,https://www.reddit.com/r/realtors/comments/1pd7yln/im_looking_for_some_opinions_from_active_realtors/,1,reddit
u/minimize,minimize,At what point do I concede I'm a bad fishkeeper and it's unethical to continue the hobby?,"This is going to be a long one.   I love fishkeeping, but I'm a serial fish killer, and I don't know what I'm doing wrong.  I just had to euthanize my Betta. He hadn't responded to the meds, his pineconing had worsened, he was noticeably swollen and his breathing was heavier. I'm not entirely sure what caused it - by the time I noticed he wasn't well he'd stopped eating and had already started to ",lead follow up,Aquariums,https://www.reddit.com/r/Aquariums/comments/1tb0gi6/at_what_point_do_i_concede_im_a_bad_fishkeeper/,,,,https://www.reddit.com/r/Aquariums/comments/1tb0gi6/at_what_point_do_i_concede_im_a_bad_fishkeeper/,1,reddit
u/MasterpieceDecent367,MasterpieceDecent367,Pacific Coast vs Caribbean Coast Costa Rica,"John Quam, Editor-in-Chief, Howler Real Escapes Costa Rica: [Web Article](https://howlermag.com/pacific-coast-vs-caribbean-coast-costa-rica/)  You can feel the choice in your suitcase before you ever board the plane. One traveler packs surf wax, linen, and dinner reservations for sunset by the sea. Another throws in binoculars, a rain shell, and a craving for reggae, cacao, and jungle roads that s",lead follow up,u_MasterpieceDecent367,https://www.reddit.com/r/u_MasterpieceDecent367/comments/1tb0f7s/pacific_coast_vs_caribbean_coast_costa_rica/,,,https://howlermag.com/pacific-coast-vs-caribbean-coast-costa-rica/,https://howlermag.com/pacific-coast-vs-caribbean-coast-costa-rica/,1,reddit
u/ChildhoodNo8821,ChildhoodNo8821,Ather sayswarranty voids in after market accessory,"https://preview.redd.it/5yb72t5hbp0h1.png?width=1475&amp;format=png&amp;auto=webp&amp;s=219018426187aacf692d96bb9e94828fab790280  How is this even justified? Even without drilling or making any changes to the body of the vehicle, they claim warranty voids.",lead follow up,ATHERENERGY,https://www.reddit.com/r/ATHERENERGY/comments/1tb0dbw/ather_sayswarranty_voids_in_after_market_accessory/,,,,https://www.reddit.com/r/ATHERENERGY/comments/1tb0dbw/ather_sayswarranty_voids_in_after_market_accessory/,1,reddit
u/Accurate-Edge76,Accurate-Edge76,Temu 90% Off 2026: Latest Coupon Codes &amp; Promo Hacks,"If you’ve been searching for the best way to save big while shopping online, Temu has likely caught your attention—and for good reason. With its rapidly growing popularity, Temu has become a go-to destination for affordable fashion, home goods, gadgets, and more. But what’s really turning heads in 2026 is the buzz around Temu coupon codes offering up to 90% off.  **$100 Coupon Package Link:** **Cl",lead follow up,Temucoupon_codes,https://www.reddit.com/r/Temucoupon_codes/comments/1tb0ac5/temu_90_off_2026_latest_coupon_codes_promo_hacks/,,,https://x.com/nordvpncoupon7/status/2042252855424241771,https://x.com/nordvpncoupon7/status/2042252855424241771,1,reddit
u/Accurate-Edge76,Accurate-Edge76,Best Temu Coupon Code for 90% Off in 2026 (Verified),"If you’ve been searching for unbeatable deals online, you’ve probably come across Temu—the fast-growing shopping platform known for ultra-low prices and irresistible discounts. In 2026, the buzz is even bigger thanks to the highly sought-after “Temu Coupon Code 90% Off” offers. But are these deals real, and how can you actually use them to maximize your savings?  **$100 Coupon Package Link:** **Cl",lead follow up,Temucoupon_codes,https://www.reddit.com/r/Temucoupon_codes/comments/1tb094g/best_temu_coupon_code_for_90_off_in_2026_verified/,,,https://x.com/nordvpncoupon7/status/2042252855424241771,https://x.com/nordvpncoupon7/status/2042252855424241771,1,reddit
u/Viviqi,Viviqi,Job Title: R&amp;D Design Expert – Gas Turbine / Marine / Aerospace Propulsion,"**Location:** Shenyang or Beijing, China (or remote from your home country)   **Employment Type:** Full-time / Part-time / Remote / Relocation to China  We are looking for **expatriate technical leaders** in gas turbine design and development to join a leading state‑owned enterprise in China. Candidates from **marine, aerospace, or gas turbine** backgrounds are all welcome.  **Role Overview:**   A",lead follow up,ChinaLifeHacks,https://www.reddit.com/r/ChinaLifeHacks/comments/1tb019u/job_title_rd_design_expert_gas_turbine_marine/,vivian.qi@atglobalconsulting.com; vivian.qi@atglobalconsulting.com,,,https://www.reddit.com/r/ChinaLifeHacks/comments/1tb019u/job_title_rd_design_expert_gas_turbine_marine/,1,reddit
u/YeastyPants,YeastyPants,Today I got my permanent spinal cord stimulator,"Hi All,  It's been a long, painful 7-month journey but I finally had surgery to get an Abbott Eterna SCS permanent implant. I'll just go over the basics here and feel free to ask any questions. I am not a medical professional so I can only speak to my experience and will answer questions the best I can.  So, to start, my surgeon submitted my paperwork back in Nov 2025. I tried to stay out of the p",lead follow up,spinalfusion,https://www.reddit.com/r/spinalfusion/comments/1tb014a/today_i_got_my_permanent_spinal_cord_stimulator/,,,,https://www.reddit.com/r/spinalfusion/comments/1tb014a/today_i_got_my_permanent_spinal_cord_stimulator/,1,reddit
u/adulting4kids,adulting4kids,Motivations,"{""document"":[{""e"":""par"",""c"":[{""e"":""text"",""t"":""Unified Taxonomy: Character Motivations and Emotions""}]},{""e"":""par"",""c"":[{""e"":""text"",""t"":"" ""}]},{""e"":""par"",""c"":[{""e"":""text"",""t"":"" ""}]},{""e"":""par"",""c"":[{""e"":""text"",""t"":"" ""}]},{""e"":""par"",""c"":[{""e"":""text"",""t"":""A Comprehensive List for Narrative Development""}]},{""e"":""par"",""c"":[{""e"":""text"",""t"":"" ""}]},{""e"":""par"",""c"":[{""e"":""text"",""t"":""This document provides a",lead follow up,writingthruit,https://www.reddit.com/r/writingthruit/comments/1tazzcs/motivations/,,,,https://www.reddit.com/r/writingthruit/comments/1tazzcs/motivations/,1,reddit
u/Pretend-While-5312,Pretend-While-5312,RabbitVideoChat Tips: How to Get the Best Experience on Free Chat Rooms,"**Rabbit Video Chat** is a simple and free platform where users can connect through text chat, voice chat, and live video chat. While the website is easy to use, a few smart tips can help you enjoy better conversations and get more value from every session.  **Website:**  [***https://rabbitvideochat.online/***](https://rabbitvideochat.online/)  # 1. Use Rabbit Video Chat During Peak Hours  If you ",lead follow up,Rabbitvideochat,https://www.reddit.com/r/Rabbitvideochat/comments/1tazzb1/rabbitvideochat_tips_how_to_get_the_best/,,,https://rabbitvideochat.online/***,https://rabbitvideochat.online/***,1,reddit
u/adulting4kids,adulting4kids,Dialogue,"{""document"":[{""e"":""par"",""c"":[{""e"":""text"",""t"":""Dialogue Lessons: Showing Motivation and Emotion Through Speech""}]},{""e"":""par"",""c"":[{""e"":""text"",""t"":"" ""}]},{""e"":""par"",""c"":[{""e"":""text"",""t"":""This guide provides dialogue examples for over 140 character motivations and emotions. Use these as templates to show—rather than tell—what your characters are truly feeling through their speech, tone, and what the",lead follow up,writingthruit,https://www.reddit.com/r/writingthruit/comments/1tazyi7/dialogue/,,,,https://www.reddit.com/r/writingthruit/comments/1tazyi7/dialogue/,1,reddit
u/Physical_Curve1259,Physical_Curve1259,How are people actually automating their business in without making everything overly complicated?,"A year ago, I thought business automation meant setting up a bunch of complicated workflows, hiring experts, and spending weeks connecting different tools together. Turns out, most of that just created more chaos.  I run a small online business setup, and at one point I was manually doing almost everything replying to leads, sending follow up emails, updating landing pages, moving contacts into sp",lead follow up,Entrepreneurs,https://www.reddit.com/r/Entrepreneurs/comments/1tazxd9/how_are_people_actually_automating_their_business/,,,,https://www.reddit.com/r/Entrepreneurs/comments/1tazxd9/how_are_people_actually_automating_their_business/,1,reddit
u/Educational_Ebb_7367,Educational_Ebb_7367,Training replacement for retired boss’s job that I was never considered for,My director hired someone with no experience or background in our industry and he comes to me with every question he gets asked. It’s been since the beginning of February and he never saved the quote template I gave him months ago when he first started or has a grasp on how the organization and our process and policies work. This is a sales role so quoting is part of the job. Yesterday we had a ca,lead follow up,careeradvice,https://www.reddit.com/r/careeradvice/comments/1tazu6m/training_replacement_for_retired_bosss_job_that_i/,,,,https://www.reddit.com/r/careeradvice/comments/1tazu6m/training_replacement_for_retired_bosss_job_that_i/,1,reddit
u/interviewstack-i,interviewstack-i,"Tesla style Applied Scientist interview question on ""ML system evaluation and metrics""","source: [interviewstack.io](https://interviewstack.io)  You are an applied scientist asked to improve user retention for a mobile app. The product team wants to optimize Daily Active Users (DAU). Explain how you'd evaluate whether DAU is the right business metric versus a proxy, what alternative or composite metrics you would consider (e.g., retention cohorts, revenue per user), and how you'd vali",lead follow up,FAANGinterviewprep,https://www.reddit.com/r/FAANGinterviewprep/comments/1taztn5/tesla_style_applied_scientist_interview_question/,,,https://interviewstack.io,https://interviewstack.io,1,reddit
u/No_Consideration6320,No_Consideration6320,Feedback on Communities CRM Platform,"Hi everyone, for real estate agents in this group, have you used or are you currently using the Communities CRM/AI automation platform to receive, nurture and convert leads into clients? If so, what has your experience been, good or bad? I appreciate your feedback in advance.",crm automation,RealEstate,https://www.reddit.com/r/RealEstate/comments/1q7r0s1/feedback_on_communities_crm_platform/,,,,https://www.reddit.com/r/RealEstate/comments/1q7r0s1/feedback_on_communities_crm_platform/,1,reddit
u/_Taravangian_,_Taravangian_,How do you track lead inquiry emails?,"When you get property inquiry emails from prospects, how do you track them?  *   Manually log to a spreadsheet?      *   Use a CRM?      *   Zapier automation?      *   Other system?       Interested in learning how agents stay on top of lead emails efficiently. What works for you?",crm automation,realtors,https://www.reddit.com/r/realtors/comments/1ohdtas/how_do_you_track_lead_inquiry_emails/,,,,https://www.reddit.com/r/realtors/comments/1ohdtas/how_do_you_track_lead_inquiry_emails/,1,reddit
u/Tkfit09,Tkfit09,Who here is using GoHighLevel CRM for their brokerage business?,"The firm I'm working with decided to jump to this CRM from salesforce and although SF was a pain and very costly, it seems like GHL is a massive downgrade and its real strength is on the prospecting side / automation.. and more suited for different industries.   Anyone successfully using it?  Where I see it lacks is the data management and building reports. ",crm automation,CommercialRealEstate,https://www.reddit.com/r/CommercialRealEstate/comments/1sk2vl1/who_here_is_using_gohighlevel_crm_for_their/,,,,https://www.reddit.com/r/CommercialRealEstate/comments/1sk2vl1/who_here_is_using_gohighlevel_crm_for_their/,1,reddit
u/Frosty_Lunch7837,Frosty_Lunch7837,CRM property and contact automation features……………..,It is my understanding that sales force using costar and reonomy to automate data basing. My company offers it and helps with the process however there is no way to export the data and on the off chance I no longer work there for any reason my database is no longer mine and goes to a new broker that takes my market. That being said I’m looking into acsendixre however I’m not sure that the automati,crm automation,CommercialRealEstate,https://www.reddit.com/r/CommercialRealEstate/comments/1orbwb2/crm_property_and_contact_automation_features/,,,,https://www.reddit.com/r/CommercialRealEstate/comments/1orbwb2/crm_property_and_contact_automation_features/,1,reddit
u/collaboratorpro,collaboratorpro,"If You Use Collaborator, You Can Automate Almost Everything","Most SEO teams don’t have a link building problem.   They have an operations problem.  Placements are tracked in spreadsheets.   Budgets are monitored manually.   Teams switch between marketplaces, CRMs, Slack, and reporting tools every day.  It works… until campaigns start scaling.  That’s one of the reasons why teams integrate the Collaborator API into their workflows.  You can connect it with t",crm automation,Collaborator,https://www.reddit.com/r/Collaborator/comments/1tazdso/if_you_use_collaborator_you_can_automate_almost/,,,https://collaborator.pro/blog/how-to-integrate-collaborator-api,https://collaborator.pro/blog/how-to-integrate-collaborator-api,1,reddit
u/fitmanagement,fitmanagement,"The $1,000,000 Habit Most Gym Owners Ignore: Why a Written Monthly Plan of Action Changes Everything","If there’s one thing I’ve consistently seen in the field—working with independent gym owners, boutique studio operators, and personal trainers—it’s this:  **Most gym businesses don’t fail because of lack of effort… they fail because of lack of direction.**  Everyone is busy. Everyone is grinding. But very few are operating with a **written monthly plan of action** that aligns their daily activitie",crm automation,u_fitmanagement,https://www.reddit.com/r/u_fitmanagement/comments/1tazami/the_1000000_habit_most_gym_owners_ignore_why_a/,jthomas@fmconsulting.net; jthomas@fmconsulting.net,,https://fmconsulting.net/contact,https://fmconsulting.net/contact,1,reddit
u/Downtown_Vacation542,Downtown_Vacation542,Looking for an AI Development Company / Freelancer for AI Receptionist Project (Lucknow Preferred),"We are looking for an experienced AI development company or freelancer to develop and integrate an AI Receptionist system for our call center operations.  Current Requirement:  * AI receptionist for inbound calls (will scale to outbound later) * Hindi + English conversational support * Natural voice interaction (not robotic IVR) * Ability to collect caller information, answer basic queries, route/",crm automation,developers_lucknow,https://www.reddit.com/r/developers_lucknow/comments/1taz6kc/looking_for_an_ai_development_company_freelancer/,,,,https://www.reddit.com/r/developers_lucknow/comments/1taz6kc/looking_for_an_ai_development_company_freelancer/,1,reddit
u/kawaruai,kawaruai,Past 40 AI initiatives. Now what?,"Quick post, more thinking out loud than a question.  Most companies are past the first phase of AI adoption. Everyone got the green light to experiment, and a lot of useful intuition got built. Engineers shipped internal tools over a weekend. Support set up an agent for tier-one tickets. Sales tried outbound bots. The right way to start.  The next phase is harder. Once you have thirty or forty ini",crm automation,u_kawaruai,https://www.reddit.com/r/u_kawaruai/comments/1taz3rx/past_40_ai_initiatives_now_what/,,,,https://www.reddit.com/r/u_kawaruai/comments/1taz3rx/past_40_ai_initiatives_now_what/,1,reddit
u/MichaelOconnor1,MichaelOconnor1,“Smart Route Planner for Zoho CRM Helps Optimize Field Sales &amp; Delivery Operations,"Found an interesting Zoho CRM extension for route optimization and field operations management. The Smart Route Planner helps businesses improve field sales productivity, delivery scheduling, and travel efficiency by automating route planning directly within Zoho CRM.  Instead of manually planning customer visits or delivery routes, teams can optimize schedules based on locations and travel flow, ",crm automation,TechSuccessStories,https://www.reddit.com/r/TechSuccessStories/comments/1taz0s7/smart_route_planner_for_zoho_crm_helps_optimize/,,,https://marketplace.zoho.com/app/crm/smart-route-planner-for-zoho-crm,https://marketplace.zoho.com/app/crm/smart-route-planner-for-zoho-crm,1,reddit
u/OkMushroom4331,OkMushroom4331,AI powered business,"Business owners and startup founders — if you want to transform your company into an AI-powered business with intelligent websites, internal systems, and automations, I’m here to help.  I help businesses integrate AI into their operations — from small local brands to growing startups and large-scale companies. From AI automations and workflow systems to modern websites, lead generation pipelines, ",crm automation,IndiaBusiness,https://www.reddit.com/r/IndiaBusiness/comments/1tayk96/ai_powered_business/,,,,https://www.reddit.com/r/IndiaBusiness/comments/1tayk96/ai_powered_business/,1,reddit
u/Miserable_Candy2307,Miserable_Candy2307,What CRM are small teams actually using in 2026?,"Does anyone else feel like “free CRM” recommendations are getting harder to trust in 2026?  I run a tiny service business (3 people + too many spreadsheets), and we’re finally trying to move into an actual CRM before things become complete chaos.  We tested HubSpot first because everyone recommends it, but the free plan started feeling limiting once we needed:  * basic automation * better WhatsApp",crm automation,u_Miserable_Candy2307,https://www.reddit.com/r/u_Miserable_Candy2307/comments/1taydkg/what_crm_are_small_teams_actually_using_in_2026/,,,,https://www.reddit.com/r/u_Miserable_Candy2307/comments/1taydkg/what_crm_are_small_teams_actually_using_in_2026/,1,reddit
u/Biz4Group,Biz4Group,Real Estate AI Software Development Companies in Florida,"Florida has become one of the fastest-growing hubs for PropTech and AI innovation in the United States. From Miami’s startup ecosystem to Orlando’s enterprise software scene, companies across the state are building intelligent real estate platforms powered by machine learning, automation, predictive analytics, and conversational AI.  The rise of AI in real estate is transforming how brokers, inves",crm automation,realestateainews,https://www.reddit.com/r/realestateainews/comments/1tay2gd/real_estate_ai_software_development_companies_in/,,,,https://www.reddit.com/r/realestateainews/comments/1tay2gd/real_estate_ai_software_development_companies_in/,1,reddit
u/thatsironline,thatsironline,Best car rental software 2026,Running a car rental business in 2026 without proper software is honestly becoming impossible.  Too many rental companies still manage:  * contracts manually * spreadsheets * WhatsApp messages everywhere * overdue payments * vehicle tracking separately * customer records in random apps  We built [CarCEO PRO](https://carceo.pro?utm_source=chatgpt.com) specifically for modern car rental businesses t,crm automation,Carrentsoftware,https://www.reddit.com/r/Carrentsoftware/comments/1taxyvw/best_car_rental_software_2026/,support@carceo.pro; support@carceo.pro,,https://carceo.pro?utm_source=chatgpt.com,https://carceo.pro?utm_source=chatgpt.com,1,reddit
u/Spare_Stranger2334,Spare_Stranger2334,Email Automation Tutorial | Real Client Setup,"Hey guys, we’ve recently posted a YouTube Video about lead nurture email automation in GoHighLevel for a Therapy SEO agency in the US and decided to break down the full workflow in this tutorial.  Covered:   • Lead capture forms   • CRM pipeline tracking   • 5-email nurture sequence   • Consultation booking automation   • SMS reminders   • Smart logic to stop sequences after booking  This is an ac",crm automation,gohighlevel,https://www.reddit.com/r/gohighlevel/comments/1tawqfk/email_automation_tutorial_real_client_setup/,,,https://www.youtube.com/watch?v=DFjZjqD\_MjI,https://www.youtube.com/watch?v=DFjZjqD\_MjI,1,reddit
u/Biz4Group,Biz4Group,Custom AI HOA Software Development vs. Off-the-Shelf Solutions: Which is Better for Modern Communities?,https://preview.redd.it/dmrrjee4ho0h1.png?width=1536&amp;format=png&amp;auto=webp&amp;s=3951afbf0a8d01df6cec37b1e932f216b7cbba27  Homeowners Associations (HOAs) are rapidly evolving from traditional paper-driven operations to intelligent digital ecosystems powered by Artificial Intelligence (AI). From automating maintenance requests and resident communication to predictive budgeting and compliance,crm automation,realestateainews,https://www.reddit.com/r/realestateainews/comments/1tawo9p/custom_ai_hoa_software_development_vs_offtheshelf/,,,,https://www.reddit.com/r/realestateainews/comments/1tawo9p/custom_ai_hoa_software_development_vs_offtheshelf/,1,reddit
u/Familiar_Isopod_8226,Familiar_Isopod_8226,Web Developer | GoHighLevel Expert | Shopify | WordPress | React,"Hi everyone,  I’m a freelance web developer and GoHighLevel specialist helping businesses build modern websites, high-converting funnels, and automated systems that save time and generate more leads.  My services include:   • Shopify Store Design &amp; Customization   • WordPress Website Development   • GoHighLevel Funnels &amp; Automation   • Landing Pages &amp; Sales Funnels   • React Frontend D",crm automation,FreelanceIndia,https://www.reddit.com/r/FreelanceIndia/comments/1tawl0e/web_developer_gohighlevel_expert_shopify/,,,,https://www.reddit.com/r/FreelanceIndia/comments/1tawl0e/web_developer_gohighlevel_expert_shopify/,1,reddit
u/IntelligentBall3861,IntelligentBall3861,"Mold, Roof, HVAC. Should we buy?","I fell in love with a house while dream scrolling on Realtor.com. I typically look everyday at new homes in the area and was surprised that I hadn’t come across this home. It had been on market for 90 days already.  For context, my husband and I have been in our current home, 1950s cape for 4 years. We have put work into it over the years and love it. But the layout isn’t great which makes the 136",lead follow up,RealEstate,https://www.reddit.com/r/RealEstate/comments/1qthofw/mold_roof_hvac_should_we_buy/,,,,https://www.reddit.com/r/RealEstate/comments/1qthofw/mold_roof_hvac_should_we_buy/,0,reddit
u/Neat-Ad-6002,Neat-Ad-6002,How do you improve CRM and email integration with AppFolio?,"Hey there, I'm a new user of AppFolio. My team is trying to figure out how to improve CRM, automation, and auto-replies within the platform. The goal is decreases the Time of First Contact and Overdue Follow Ups here is the case: Auto-replies: We want to automatically manage the process from the first contact with a guest, their requirements, creating guest cards, scheduling tours, showing rooms, ",lead follow up,RealEstate,https://www.reddit.com/r/RealEstate/comments/1p0udro/how_do_you_improve_crm_and_email_integration_with/,,,,https://www.reddit.com/r/RealEstate/comments/1p0udro/how_do_you_improve_crm_and_email_integration_with/,0,reddit
u/bangityOMFS,bangityOMFS,Structural Engineer Report. What should I offer to offset repair?,"Hello all,  Just saw this home today. Previous buyer was under contract, however after inspection, they pulled out. The realtor sent me a structural engineer to evaluate and with this report.  It's listed for $445k. How much should I offer in case this needs fixed? Thank you.  Current Condition/ Findings The structure is an approximately 21-year-old, two-story home with a basement. The home is con",lead follow up,RealEstate,https://www.reddit.com/r/RealEstate/comments/1n6y7o3/structural_engineer_report_what_should_i_offer_to/,,,,https://www.reddit.com/r/RealEstate/comments/1n6y7o3/structural_engineer_report_what_should_i_offer_to/,0,reddit
u/Zealousideal-Pay-70,Zealousideal-Pay-70,"[Landlord US-CA] Lease Compliance Issue, Need Advice","So I am currently dealing with a lease issue involving Irvine Company Apartments. I allowed another individual to stay in my room with the understanding that she would be able to sign onto the lease by the end of the month. However, when I followed up, she later refused to sign the lease. I contacted the leasing office to report the situation, and they issued a notice requiring the removal of the ",lead follow up,Landlord,https://www.reddit.com/r/Landlord/comments/1pu7fol/landlord_usca_lease_compliance_issue_need_advice/,,,,https://www.reddit.com/r/Landlord/comments/1pu7fol/landlord_usca_lease_compliance_issue_need_advice/,0,reddit
u/Middle-Bodybuilder-8,Middle-Bodybuilder-8,[Tenant-US-CA] Should landlord replace sink?,"Been in my building for a few years. Moved into larger unit a few months ago, sink looked like this exactly when I moved in, landlord said he would repair verbally and never did. I sent a follow up and now they’re ghosting me.  It’s a 1930s building, my neighbor told me the sink may be original and that it could be made from lead.  Should I push my landlord to replace it? I actually got an estimat",lead follow up,Landlord,https://www.reddit.com/r/Landlord/comments/1lh69mr/tenantusca_should_landlord_replace_sink/,,,,https://www.reddit.com/r/Landlord/comments/1lh69mr/tenantusca_should_landlord_replace_sink/,0,reddit
u/moose_knuckle_eh,moose_knuckle_eh,BPOs as a side hustle?,Edit: Seems the general consensus is that BPOs for other companies is not worth it and the person the below prompt is from is pedalling their class or whatever. So I will NOT be moving forward with doing BPOs myself. Thanks for all the input everyone!  I see several people constantly posting in real estate Facebook groups about doing Broker Price Opinions for banks and asset management companies a,lead follow up,realtors,https://www.reddit.com/r/realtors/comments/1qs6699/bpos_as_a_side_hustle/,,,,https://www.reddit.com/r/realtors/comments/1qs6699/bpos_as_a_side_hustle/,0,reddit
u/Hopeful_Relief_5808,Hopeful_Relief_5808,Does anybody smile a little bit when a new agent fails? Hear me out,"Maybe I’m being an asshole, maybe I just need to vent… I want you guys to let me know. I’m fairly new to the business as well, roughly two years. I was very fortunate to have a brokerage with a plethora of leads to dial and my SOI is considerably large which helped jump start my career. Im extremely active on social media where a majority of my deals come from now. A lot of people will see all the",lead follow up,realtors,https://www.reddit.com/r/realtors/comments/1ohzvlt/does_anybody_smile_a_little_bit_when_a_new_agent/,,,,https://www.reddit.com/r/realtors/comments/1ohzvlt/does_anybody_smile_a_little_bit_when_a_new_agent/,0,reddit
u/Neat-Ad-6002,Neat-Ad-6002,How do you improve CRM and email integration with AppFolio?,"Hey there, I'm a new user of AppFolio. My team is trying to figure out how to improve CRM, automation, and auto-replies within the platform. The goal is decreases the Time of First Contact and Overdue Follow Ups here is the case: Auto-replies: We want to automatically manage the process from the first contact with a guest, their requirements, creating guest cards, scheduling tours, showing rooms, ",lead follow up,CommercialRealEstate,https://www.reddit.com/r/CommercialRealEstate/comments/1p0uddz/how_do_you_improve_crm_and_email_integration_with/,,,,https://www.reddit.com/r/CommercialRealEstate/comments/1p0uddz/how_do_you_improve_crm_and_email_integration_with/,0,reddit
u/Significant_Boat_358,Significant_Boat_358,I built an AI follow-up system for a realtor — it recovered 3 leads they thought were dead.,"I’ve been experimenting with AI workflows that text back missed calls instantly and qualify them automatically.  One local agent had 29 missed calls last month — we set up a system that responded within 30 seconds, asked a few screening questions, and booked qualified appointments on Calendly.  Within 2 weeks, 3 of those missed leads turned into real buyers.  Not trying to sell anything — just tes",lead follow up,CommercialRealEstate,https://www.reddit.com/r/CommercialRealEstate/comments/1o7s0ii/i_built_an_ai_followup_system_for_a_realtor_it/,,,,https://www.reddit.com/r/CommercialRealEstate/comments/1o7s0ii/i_built_an_ai_followup_system_for_a_realtor_it/,0,reddit
u/Icy-Statistician2513,Icy-Statistician2513,Question For Commercial Realtors - What Overwhelms You All?,"Hey everyone    I know real estate can get overwhelming sometimes, and I’m trying to get a better feel for what parts of your day slow you down or get frustrating.  Is it following up with clients, scheduling showings, managing leads, updating listings, or something else?  I’d really appreciate hearing what kind of stuff gets in the way, just trying to understand how I might be able to help down t",lead follow up,CommercialRealEstate,https://www.reddit.com/r/CommercialRealEstate/comments/1l9cxtv/question_for_commercial_realtors_what_overwhelms/,,,,https://www.reddit.com/r/CommercialRealEstate/comments/1l9cxtv/question_for_commercial_realtors_what_overwhelms/,0,reddit
u/OkExternal6669,OkExternal6669,"Realtor looking for testers for a CRM, that currently in development.","I'm building a CRM, with fully AI automated assistant, that keeping up with your leads base on their status. The workflow is fully built with Chatgpt.   You also have your own agent lead capture page that sync with your dashboard, and Zapier for more automation. Mass schedule email includes with AI as well. All your clients have their own separate dashboard, where you communicate with them, secure",lead follow up,CommercialRealEstate,https://www.reddit.com/r/CommercialRealEstate/comments/1kwqt39/realtor_looking_for_testers_for_a_crm_that/,,,,https://www.reddit.com/r/CommercialRealEstate/comments/1kwqt39/realtor_looking_for_testers_for_a_crm_that/,0,reddit
u/MannanEpic,MannanEpic,How l'm sending 500+ personalized cold emails a day on autopilot (and getting replies while I sleep),"Not sure if this is interesting to anyone here, but I built a system that sends over 500 cold emails/day automatically, fully personalized, domain safe, and warm inboxes, without me doing anything after setup.  It: - Scrapes targeted leads with filters - Writes personalized intros using AI - Rotates across multiple warmed domains/inboxes - Tracks replies and auto-follows up  I initially built it f",lead follow up,CommercialRealEstate,https://www.reddit.com/r/CommercialRealEstate/comments/1kvmfvf/how_lm_sending_500_personalized_cold_emails_a_day/,,,,https://www.reddit.com/r/CommercialRealEstate/comments/1kvmfvf/how_lm_sending_500_personalized_cold_emails_a_day/,0,reddit
u/DogDevouring,DogDevouring,How would House of the Dragon have a satisfactory ending with 4 seasons?,"With the current leaks and spy photos etc. It looks like season 3 will end with The First Battle of Tumbleton.   After First Tumbleton, we have the following events that lead up to Rhaenyra's death, which is what many believe will be the the penultimate ending to House of the Dragon.  \- Fall of Dragonstone  \- Battle Above the Gods Eye  \- Storming of the Dragonpit  \-Second Tumbleton  \- Death o",lead follow up,HouseOfTheDragon,https://www.reddit.com/r/HouseOfTheDragon/comments/1tb03sd/how_would_house_of_the_dragon_have_a_satisfactory/,,,,https://www.reddit.com/r/HouseOfTheDragon/comments/1tb03sd/how_would_house_of_the_dragon_have_a_satisfactory/,0,reddit
u/ConfidentElevator239,ConfidentElevator239,"Scale Your Side Hustle into a Multi-Asset Syndicate (Turo, Airbnb, &amp; Sales)","&amp;#x200B;  Many side hustles are like jobs, where pay corresponds to the time spent. When you work, you earn income, and once your work ends, so does your income. I just recently came upon the ""YNR Model"" created by Michael Lanctot. His strategy will show you how you can make the shift from earning an active income to owning an actual asset.  The following are the steps in the transition from t",lead follow up,thesidehustle,https://www.reddit.com/r/thesidehustle/comments/1tazynp/scale_your_side_hustle_into_a_multiasset/,,,,https://www.reddit.com/r/thesidehustle/comments/1tazynp/scale_your_side_hustle_into_a_multiasset/,0,reddit
u/AshleyHandcock,AshleyHandcock,Google Workspace for Real Estate Agents – What Should I Be Using?,"Hi everyone,  I’m a solo real estate agent in the Black Hills of South Dakota and I’m working on streamlining my business using Google Workspace more intentionally.  I’d love some practical advice from those of you who are using it daily in a small business setting, especially in real estate or other client-heavy industries.  A few specific things I’m trying to figure out:  	1.	What Google Workspa",crm automation,RealEstate,https://www.reddit.com/r/RealEstate/comments/1r2sqny/google_workspace_for_real_estate_agents_what/,,,,https://www.reddit.com/r/RealEstate/comments/1r2sqny/google_workspace_for_real_estate_agents_what/,0,reddit
u/Suitable-Belt1054,Suitable-Belt1054,Struggling to organize listing content for video marketing. what's your workflow?,"Hey everyone, I’m trying to get my systems in place for 2026. My goal is to start automating more of my video content (using AI avatars, etc.) so I don't have to film daily.  The bottleneck I'm hitting is that my 'source text' is all over the place. Sometimes I draft listings in **Gmail**, sometimes in **Google Docs**, and sometimes just in my **CRM notes**.  Before I try to set up any automation,",crm automation,RealEstate,https://www.reddit.com/r/RealEstate/comments/1pux5p9/struggling_to_organize_listing_content_for_video/,,,,https://www.reddit.com/r/RealEstate/comments/1pux5p9/struggling_to_organize_listing_content_for_video/,0,reddit
u/Minute_Ad4557,Minute_Ad4557,How Are CRE Mortgage Brokers Attracting New Clients and Staying Top-of-Mind With Existing Ones?,"I'm conducting market research on how CRE mortgage brokers are currently approaching their marketing strategies, especially in today's competitive landscape. I'm particularly interested in understanding:  * What channels or tactics are working best for generating new leads (paid ads, referrals, events, LinkedIn, etc.)? * How brokers are nurturing and staying in front of past clients (email, newsle",crm automation,CommercialRealEstate,https://www.reddit.com/r/CommercialRealEstate/comments/1l2l8id/how_are_cre_mortgage_brokers_attracting_new/,,,,https://www.reddit.com/r/CommercialRealEstate/comments/1l2l8id/how_are_cre_mortgage_brokers_attracting_new/,0,reddit
u/storieswithvenky,storieswithvenky,Built a personal Wordpress site on Blocksy + Elementor + FluentCRM. Mistakes I would undo and one signup problem I am stuck on.,"Moved my writing off Instagram and onto Wordpress about 18 months ago. The site is now my main publishing home for long-form trip reports, a podcast, and a small store. Sharing the build decisions here because most Wordpress posts I see online are either ""best plugins of 2026"" listicles or beginner tutorials, and there is not much in between.  The stack:  * Theme: Blocksy * Page builder: Elementor",crm automation,Wordpress,https://www.reddit.com/r/Wordpress/comments/1taxups/built_a_personal_wordpress_site_on_blocksy/,,,http://storieswithvenky.com,http://storieswithvenky.com,0,reddit
u/IXdatascience,IXdatascience,How are banks evaluating AI partners for AI loan underwriting in 2026?,"(Sharing what we are seeing from the vendor side)  I’m on the team at Intellectyx (US-based AI agent development company) — full disclosure upfront. We work with banks and lending institutions on AI-powered loan underwriting, credit risk assessment, document intelligence, fraud detection, and lending workflow automation.  One of the biggest conversations we’re having with banking and lending leade",crm automation,loanoriginators,https://www.reddit.com/r/loanoriginators/comments/1tax8je/how_are_banks_evaluating_ai_partners_for_ai_loan/,,,,https://www.reddit.com/r/loanoriginators/comments/1tax8je/how_are_banks_evaluating_ai_partners_for_ai_loan/,0,reddit
